model,config_id,fold,hidden_dim,num_layers,heads,dropout,lr,weight_decay,train_acc,train_f1,train_mae,train_mse,train_rmse,val_acc,val_f1,val_mae,val_mse,val_rmse,test_acc,test_f1,test_mae,test_mse,test_rmse
SAGE,0,0,256,3,1,0.0,0.001,0.0,0.6219562676536476,0.621908107292464,0.7560874646927048,1.5121749293854096,1.2297052205245815,0.6037983929875822,0.6037343785408229,0.7924032140248356,1.5848064280496712,1.2588909516116442,0.6038452547919588,0.6037483024791431,0.7923094904160822,1.5846189808321645,1.2588165000635179
SAGE,0,1,256,3,1,0.0,0.001,0.0,0.6208239992208046,0.6184858864366591,0.758352001558391,1.516704003116782,1.2315453719277996,0.60136352568785,0.5989071928571696,0.7972729486243,1.5945458972486,1.2627533002327098,0.6040400498675393,0.6012697954510899,0.7919199002649213,1.5838398005298426,1.2585069727776015
SAGE,0,2,256,3,1,0.0,0.001,0.0,0.6345861183145233,0.6290311924528911,0.7308277633709535,1.461655526741907,1.2089894651079085,0.6141709276844411,0.6082811829651353,0.7716581446311176,1.5433162892622352,1.2423028170547772,0.6146099152624914,0.6086041727502662,0.770780169475017,1.541560338950034,1.241595883913133
SAGE,1,0,256,3,1,0.0,0.001,0.0005,0.6104631343138209,0.6058003665417536,0.779073731372358,1.558147462744716,1.2482577709530656,0.6064280496712929,0.6015461655383518,0.7871439006574141,1.5742878013148283,1.2547062609690078,0.6038062957768427,0.5990194422013502,0.7923874084463145,1.584774816892629,1.258878396388082
SAGE,1,1,256,3,1,0.0,0.001,0.0005,0.6057392617122821,0.6029100581971829,0.7885214765754358,1.5770429531508716,1.255803708049499,0.596737277818359,0.5935656990336293,0.8065254443632822,1.6130508887265644,1.270059403621171,0.5994818450989559,0.5967919529756847,0.8010363098020882,1.6020726196041764,1.2657300737535537
SAGE,1,2,256,3,1,0.0,0.001,0.0005,0.5989383590829955,0.5988223072737306,0.802123281834009,1.604246563668018,1.2665885534253094,0.599172145118091,0.5990842811451247,0.8016557097638178,1.6033114195276357,1.2662193410020381,0.5935521573974871,0.593473514748093,0.8128956852050259,1.6257913704100517,1.2750652416288555
SAGE,2,0,256,3,1,0.0,0.0003,0.0,0.5853706048504919,0.5851655787113328,0.8292587902990163,1.6585175805980326,1.2878344538790816,0.5845142439737034,0.5842955498702354,0.8309715120525931,1.6619430241051862,1.2891636917417377,0.5830021817048465,0.582810983329122,0.833995636590307,1.667991273180614,1.291507364741144
SAGE,2,1,256,3,1,0.0,0.0003,0.0,0.5857358527320542,0.5853317705450252,0.8285282945358917,1.6570565890717834,1.2872671009047747,0.5779887996104213,0.5774822818093774,0.8440224007791576,1.6880448015583152,1.2992477829722533,0.5848527349228612,0.584512980186942,0.8302945301542777,1.6605890603085554,1.2886384521302146
SAGE,2,2,256,3,1,0.0,0.0003,0.0,0.5911830234851528,0.5902696759866544,0.8176339530296943,1.6352679060593887,1.278775940522572,0.5893839785731677,0.5883543632690786,0.8212320428536645,1.642464085707329,1.2815865502209864,0.5840264926463427,0.5830604608077904,0.8319470147073147,1.6638940294146294,1.289920163969317
SAGE,3,0,256,3,1,0.0,0.0003,0.0005,0.5532044414142397,0.5060736775306572,0.8935911171715204,1.7871822343430408,1.336855352812353,0.5554419284149014,0.5086012533073387,0.8891161431701973,1.7782322863403945,1.3335037631519435,0.5552438834346267,0.5086403107208907,0.8895122331307465,1.779024466261493,1.3338007595819898
SAGE,3,1,256,3,1,0.0,0.0003,0.0005,0.5402381416187786,0.4715143913801666,0.9195237167624428,1.8390474335248856,1.3561148305084219,0.5373265157048941,0.46715568560031884,0.9253469685902118,1.8506939371804236,1.3604021233372225,0.5368162692847125,0.4683197307621535,0.926367461430575,1.85273492286115,1.3611520572151923
SAGE,3,2,256,3,1,0.0,0.0003,0.0005,0.5821858602091627,0.5820873598061989,0.8356282795816745,1.671256559163349,1.2927708842495444,0.5802775748721695,0.5801456544582007,0.8394448502556611,1.6788897005113221,1.295719761565487,0.5789617220220122,0.5788581617895949,0.8420765559559754,1.6841531119119508,1.29774924847289
SAGE,4,0,256,3,1,0.3,0.001,0.0,0.631063114833934,0.6296536873516398,0.7378737703321321,1.4757475406642642,1.214803498786641,0.6172875578280984,0.6159892951561061,0.7654248843438033,1.5308497686876066,1.237275138636353,0.6137018856163317,0.6122223302277062,0.7725962287673368,1.5451924575346736,1.2430577048289728
SAGE,4,1,256,3,1,0.3,0.001,0.0,0.6231250608746469,0.6200869704870062,0.7537498782507062,1.5074997565014123,1.227802816620573,0.6076941806671536,0.6046871162885713,0.7846116386656927,1.5692232773313854,1.2526864241825986,0.6100007791803024,0.6071685004542424,0.7799984416393954,1.5599968832787907,1.2489983519920236
SAGE,4,2,256,3,1,0.3,0.001,0.0,0.632918173295835,0.6324032984687236,0.73416365340833,1.46832730681666,1.2117455619133333,0.6134404674945215,0.6129817123999282,0.773119065010957,1.546238130021914,1.243478238660377,0.6145125158274082,0.6139182632720908,0.7709749683451836,1.5419499366903673,1.2417527679414961
SAGE,5,0,256,3,1,0.3,0.001,0.0005,0.6086368949060096,0.6070637801732384,0.7827262101879809,1.5654524203759619,1.2511804108025197,0.6011687363038715,0.5996301254744687,0.7976625273922571,1.5953250547845141,1.2630617778970727,0.5976312918809412,0.5960774739127027,0.8047374162381175,1.609474832476235,1.2686507921710508
SAGE,5,1,256,3,1,0.3,0.001,0.0005,0.6068228304275836,0.6010740056984674,0.786354339144833,1.572708678289666,1.2540768231211619,0.6004382761139518,0.5950349964201423,0.7991234477720964,1.5982468955441929,1.2642178987596215,0.6013713573320867,0.5959766901781021,0.7972572853358267,1.5945145706716535,1.2627408960953366
SAGE,5,2,256,3,1,0.3,0.001,0.0005,0.5788377953906279,0.5768212299654234,0.8423244092187443,1.6846488184374886,1.2979402214422238,0.5753104455807159,0.5733215714459738,0.8493791088385683,1.6987582176771365,1.3033641922644401,0.5732735950131489,0.5712427742530817,0.8534528099737021,1.7069056199474042,1.3064859815349739
SAGE,6,0,256,3,1,0.3,0.0003,0.0,0.5856506282263563,0.5844910699922683,0.8286987435472875,1.657397487094575,1.2873995056293035,0.5846116386656928,0.583378936511186,0.8307767226686146,1.6615534453372292,1.2890125854068413,0.5830021817048465,0.5818029962727068,0.833995636590307,1.667991273180614,1.291507364741144
SAGE,6,1,256,3,1,0.3,0.0003,0.0,0.5611790201616831,0.5109752281025663,0.8776419596766338,1.7552839193532677,1.3248712840699914,0.5602629656683711,0.5097593426126537,0.8794740686632578,1.7589481373265157,1.326253421230843,0.5592956210067009,0.5085919341952407,0.8814087579865981,1.7628175159731962,1.3277113827836216
SAGE,6,2,256,3,1,0.3,0.0003,0.0,0.5841338251944921,0.5841070535708527,0.8317323496110157,1.6634646992220314,1.2897537358821767,0.5824689554419284,0.5823972951705403,0.8350620891161432,1.6701241782322864,1.292332843439447,0.5790786013441122,0.5790092242226179,0.8418427973117756,1.6836855946235512,1.2975691097677808
SAGE,7,0,256,3,1,0.3,0.0003,0.0005,0.5640036037790981,0.5151551191320414,0.8719927924418038,1.7439855848836077,1.320600463760182,0.5629413196980765,0.5148387727504552,0.874117360603847,1.748234721207694,1.3222082745194472,0.5605228299828581,0.5117646477109652,0.878954340034284,1.757908680068568,1.325861486003937
SAGE,7,1,256,3,1,0.3,0.0003,0.0005,0.5866367975065745,0.5806993039032939,0.8267264049868511,1.6534528099737023,1.2858665599406893,0.5850986121256392,0.579377050425748,0.8298027757487217,1.6596055514974435,1.2882567878716742,0.586002025868786,0.5801691245666636,0.827995948262428,1.655991896524856,1.2868534868138082
SAGE,7,2,256,3,1,0.3,0.0003,0.0005,0.5004443795122783,0.33463273639138924,0.9991112409754435,1.998222481950887,1.413584975143301,0.4998782566350134,0.3337114543986311,1.0002434867299732,2.0004869734599464,1.4143857230119181,0.5002824583617415,0.3345301923306727,0.999435083276517,1.998870166553034,1.4138140494962674
SAGE,8,0,256,3,1,0.0,0.001,0.0,0.6209457485146587,0.6198874139850018,0.7581085029706828,1.5162170059413655,1.2313476381352935,0.6042853664475286,0.6032775578617025,0.7914292671049428,1.5828585342098855,1.2581170590250677,0.598722144304192,0.5974762998886248,0.802555711391616,1.605111422783232,1.2669299202336457
SAGE,8,1,256,3,1,0.0,0.001,0.0,0.6087221194117074,0.5972982843386887,0.7825557611765852,1.5651115223531704,1.2510441728225148,0.600146092037984,0.5885597071212108,0.7997078159240322,1.5994156318480643,1.2646800511781882,0.601877824528596,0.5907800149270173,0.7962443509428082,1.5924887018856164,1.2619384699285525
SAGE,8,2,256,3,1,0.0,0.001,0.0,0.6331007950132096,0.6288668192321403,0.7337984099735807,1.4675968199471614,1.211444105168357,0.6126126126126126,0.608270427606731,0.7747747747747747,1.5495495495495495,1.2448090413993422,0.6137722801207753,0.6091677483115472,0.7724554397584494,1.5449108795168989,1.2429444394327924
SAGE,9,0,256,3,1,0.0,0.001,0.0005,0.6080890230836661,0.5948527817871494,0.7838219538326677,1.5676439076653355,1.2520558724215687,0.6068663257852447,0.5936307684631823,0.7862673484295106,1.5725346968590213,1.254007454865808,0.6031634720274271,0.5898471228268245,0.7936730559451457,1.5873461118902914,1.2598992467218526
SAGE,9,1,256,3,1,0.0,0.001,0.0005,0.581839875328723,0.5815352743676909,0.8363202493425538,1.6726404986851076,1.2933060344269285,0.5767713659605551,0.5765588853658746,0.8464572680788897,1.6929145361577793,1.3011204925593092,0.5832359357955431,0.582948804513999,0.8335281284089138,1.6670562568178275,1.291145327535916
SAGE,9,2,256,3,1,0.0,0.001,0.0005,0.5635584450369504,0.5253538156247641,0.8728831099260991,1.7457662198521982,1.3212744680240356,0.5629413196980765,0.525448642703806,0.874117360603847,1.748234721207694,1.3222082745194472,0.5576312457387748,0.5193698402720373,0.8847375085224506,1.7694750170449012,1.3302161542564808
SAGE,10,0,256,3,1,0.0,0.0003,0.0,0.5813407032239213,0.5807773261411624,0.8373185935521574,1.6746371871043149,1.294077736113374,0.5780374969564159,0.5774402784129116,0.8439250060871683,1.6878500121743365,1.2991728184403861,0.5807425588281129,0.5801692814276754,0.8385148823437744,1.6770297646875487,1.2950018396463956
SAGE,10,1,256,3,1,0.0,0.0003,0.0,0.588109963962209,0.5879311494726734,0.823780072075582,1.647560144151164,1.2835731939204573,0.5824689554419284,0.5822620619143268,0.8350620891161432,1.6701241782322864,1.292332843439447,0.5858656693158797,0.5857389091598186,0.8282686613682406,1.6565373227364812,1.2870653917872554
SAGE,10,2,256,3,1,0.0,0.0003,0.0,0.5063247988117413,0.35708001922165133,0.9873504023765173,1.9747008047530346,1.4052404793319309,0.5066471877282688,0.35741587872590574,0.9867056245434623,1.9734112490869247,1.404781566325144,0.5049965910197721,0.3550576875554515,0.9900068179604559,1.9800136359209117,1.4071295732521976
SAGE,11,0,256,3,1,0.0,0.0003,0.0005,0.5800379857796825,0.5799576363759282,0.8399240284406351,1.6798480568812701,1.2960895250256712,0.5756513270026784,0.5755660942266378,0.8486973459946433,1.6973946919892866,1.3028410079473576,0.5782102228455664,0.5781260804953252,0.8435795543088671,1.6871591086177342,1.2989068898953975
SAGE,11,1,256,3,1,0.0,0.0003,0.0005,0.5100686666017337,0.35771826737141066,0.9798626667965326,1.959725333593065,1.3999019014177618,0.5099099099099099,0.3571196545188478,0.9801801801801802,1.9603603603603603,1.4001286942136284,0.509992987377279,0.35751295496615393,0.9800140252454418,1.9600280504908836,1.4000100179966155
SAGE,11,2,256,3,1,0.0,0.0003,0.0005,0.5832572409510939,0.5831303545788802,0.8334855180978122,1.6669710361956245,1.291112325166027,0.5801314828341856,0.5799632225774531,0.8397370343316289,1.6794740686632579,1.2959452413830062,0.5776565695918964,0.5774968846864723,0.8446868608162073,1.6893737216324145,1.2997591013847198
SAGE,12,0,256,3,1,0.3,0.001,0.0,0.6200569786695237,0.6133333025896868,0.7598860426609526,1.5197720853219052,1.2327903655212047,0.6062819576333089,0.5990601107188865,0.787436084733382,1.574872169466764,1.2549391098642053,0.6051503817983481,0.5981071337235966,0.7896992364033038,1.5793984728066075,1.2567412115493817
SAGE,12,1,256,3,1,0.3,0.001,0.0,0.625596571539885,0.6255808637818181,0.7488068569202299,1.4976137138404597,1.2237702863856679,0.6100803506208912,0.6100780389378319,0.7798392987582177,1.5596785975164353,1.2488709290861226,0.6136434470936575,0.6136433479896909,0.772713105812685,1.54542621162537,1.2431517251025195
SAGE,12,2,256,3,1,0.3,0.001,0.0,0.6267820835920475,0.6235179921897264,0.7464358328159051,1.4928716656318102,1.221831275435283,0.6177258339420502,0.6143721936084245,0.7645483321158997,1.5290966642317994,1.236566481929621,0.6098763027174442,0.6062921666846518,0.7802473945651115,1.560494789130223,1.2491976581511122
SAGE,13,0,256,3,1,0.3,0.001,0.0005,0.6078698743547287,0.6078375241828357,0.7842602512905426,1.568520502581085,1.2524058857179987,0.6018504991477964,0.6018388655134799,0.7962990017044072,1.5925980034088143,1.2619817761793608,0.5997935172198847,0.5997460585917143,0.8004129655602307,1.6008259311204613,1.2652374998870612
SAGE,13,1,256,3,1,0.3,0.001,0.0005,0.5967419888964643,0.5933349713409134,0.8065160222070712,1.6130320444141424,1.27005198492587,0.5921110299488678,0.588762500411952,0.8157779401022645,1.631555880204529,1.2773237178587615,0.5964625214274583,0.5932758850052742,0.8070749571450834,1.6141499142901667,1.270491996940621
SAGE,13,2,256,3,1,0.3,0.001,0.0005,0.6045387584158175,0.6010554524046908,0.790922483168365,1.58184496633673,1.2577141830864158,0.6016557097638179,0.5980197439208277,0.7966885804723642,1.5933771609447285,1.2622904423882517,0.5991623648582838,0.5953202377516998,0.8016752702834323,1.6033505405668647,1.2662347888787706
SAGE,14,0,256,3,1,0.3,0.0003,0.0,0.5054421934352781,0.3468938921625938,0.9891156131294438,1.9782312262588877,1.4064960811388305,0.5064037009982956,0.3486892599926403,0.9871925980034089,1.9743851960068177,1.4051281777855065,0.505571139161602,0.34728942944841273,0.988857721676796,1.977715443353592,1.4063127117940704
SAGE,14,1,256,3,1,0.3,0.0003,0.0,0.5873916431284698,0.5868773524318891,0.8252167137430603,1.6504334274861205,1.2846919582087064,0.5822741660579498,0.5817295327433764,0.8354516678841003,1.6709033357682006,1.2926342621825404,0.5856903537478573,0.5852727535610163,0.8286192925042855,1.657238585008571,1.2873377897850162
SAGE,14,2,256,3,1,0.3,0.0003,0.0,0.5857408963073889,0.5855961648775582,0.8285182073852223,1.6570364147704446,1.287259264783301,0.5822254687119552,0.581998981482701,0.8355490625760896,1.6710981251521793,1.292709605886867,0.5794876789714619,0.5793083094986354,0.841024642057076,1.682049284114152,1.2969384272640518
SAGE,15,0,256,3,1,0.3,0.0003,0.0005,0.5836417648777638,0.5832330993070282,0.8327164702444726,1.6654329404889452,1.2905165401841796,0.5843194545897249,0.5838400121618114,0.8313610908205503,1.6627221816411006,1.2894658512892463,0.5844631447717001,0.5840651455172935,0.8310737104565996,1.6621474209131992,1.2892429642674803
SAGE,15,1,256,3,1,0.3,0.0003,0.0005,0.5773595013148923,0.5757095340679019,0.8452809973702152,1.6905619947404305,1.3002161338563794,0.5739469198928658,0.5725016342181921,0.8521061602142683,1.7042123204285367,1.3054548327799536,0.5769050958391772,0.5752401844822228,0.8461898083216456,1.6923796166432912,1.3009149152205501
SAGE,15,2,256,3,1,0.3,0.0003,0.0005,0.5180369382860343,0.38862142989797754,0.9639261234279314,1.9278522468558628,1.3884711905026559,0.5156074993912831,0.384553225079791,0.9687850012174336,1.9375700024348672,1.3919662360972938,0.5175805980325314,0.3878540720282011,0.9648388039349372,1.9296776078698743,1.3891283626324367
SAGE,16,0,256,3,1,0.0,0.001,0.0,0.629042076555956,0.6290345079789545,0.7419158468880881,1.4838316937761762,1.218126304525182,0.6106647187728269,0.6106416685975807,0.7786705624543463,1.5573411249086926,1.2479347438502915,0.607078853046595,0.6070619198142249,0.78584229390681,1.57168458781362,1.2536684521090973
SAGE,16,1,256,3,1,0.0,0.001,0.0,0.6219927924418038,0.6067711692532374,0.7560144151163923,1.5120288302327847,1.2296458149535519,0.6034575115656197,0.5882055775590311,0.7930849768687607,1.5861699537375213,1.2594323934763316,0.6088709677419355,0.5942561536797845,0.782258064516129,1.564516129032258,1.2508061916349222
SAGE,16,2,256,3,1,0.0,0.001,0.0,0.6333442906363758,0.633325817536899,0.7333114187272484,1.4666228374544967,1.2110420461133862,0.6157292427562698,0.6157087380471251,0.7685415144874604,1.5370830289749209,1.239791526416809,0.6153891107431577,0.6153451172136499,0.7692217785136847,1.5384435570273693,1.2403400973230565
SAGE,17,0,256,3,1,0.0,0.001,0.0005,0.5585248855556638,0.5362970567635459,0.8829502288886725,1.765900457777345,1.328871874101241,0.5629413196980765,0.5415272759971836,0.874117360603847,1.748234721207694,1.3222082745194472,0.5576398628642668,0.5351780012047533,0.8847202742714664,1.7694405485429328,1.3302031982155706
SAGE,17,1,256,3,1,0.0,0.001,0.0005,0.6026346547190027,0.600128851851047,0.7947306905619947,1.5894613811239895,1.260738426924471,0.5947406866325785,0.5921488379167121,0.810518626734843,1.621037253469686,1.27319961257836,0.6016830294530154,0.5992792727642309,0.7966339410939691,1.5932678821879382,1.2622471557456323
SAGE,17,2,256,3,1,0.0,0.001,0.0005,0.6060606060606061,0.6054913757510567,0.7878787878787878,1.5757575757575757,1.2552918289216957,0.5975651327002678,0.5970375959228729,0.8048697345994643,1.6097394691989286,1.2687550863736188,0.5955975455342359,0.5950538600701865,0.8088049089315282,1.6176098178630565,1.2718529073218556
SAGE,18,0,256,3,1,0.0,0.0003,0.0,0.5298407519236389,0.41345900415268033,0.9403184961527223,1.8806369923054447,1.371363187600369,0.5288531775018261,0.41315279263504556,0.9422936449963477,1.8845872899926954,1.3728027134270588,0.529063425276609,0.41199644633543997,0.941873149446782,1.883746298893564,1.372496374819826
SAGE,18,1,256,3,1,0.0,0.0003,0.0,0.5175440732443752,0.38188464263581545,0.9649118535112496,1.9298237070224993,1.3891809482650197,0.5163866569271974,0.38019223803866237,0.967226686145605,1.93445337229121,1.3908462791736584,0.516323827333645,0.3808109507946074,0.96735234533271,1.93470469066542,1.390936623525824
SAGE,18,2,256,3,1,0.0,0.0003,0.0,0.5912804217344193,0.591066186426446,0.8174391565311614,1.6348783130623228,1.2786236010109944,0.5851473094716338,0.5849051389398869,0.8297053810567324,1.6594107621134648,1.2881811837290067,0.5853121651894418,0.5850633796188198,0.8293756696211162,1.6587513392422324,1.287925207161593
SAGE,19,0,256,3,1,0.0,0.0003,0.0005,0.579100516217006,0.5790858401422538,0.8417989675659882,1.6835979351319763,1.297535330976377,0.5752130508887265,0.5752048911714356,0.8495738982225469,1.6991477964450938,1.3035136349287237,0.576418108150226,0.5763969280359761,0.847163783699548,1.694327567399096,1.3016633848269283
SAGE,19,1,256,3,1,0.0,0.0003,0.0005,0.5801232102853804,0.5799814417471565,0.8397535794292393,1.6795071588584787,1.2959580081385658,0.5773557341124909,0.5772530765382187,0.8452885317750183,1.6905770635500366,1.3002219285760552,0.5814633006077606,0.5812793484564839,0.8370733987844787,1.6741467975689575,1.2938882477126676
SAGE,19,2,256,3,1,0.0,0.0003,0.0005,0.5833668139815187,0.5829437632733072,0.8332663720369626,1.6665327440739253,1.2909425796966825,0.5832968103238374,0.5827753109074689,0.8334063793523253,1.6668127587046506,1.291051028698963,0.5801499951300283,0.5796868842433296,0.8397000097399435,1.679400019479887,1.2959166715031825
SAGE,20,0,256,3,1,0.3,0.001,0.0,0.6282750560046751,0.627907353604231,0.7434498879906497,1.4868997759812994,1.2193849990799868,0.6102751400048697,0.6099509697207971,0.7794497199902606,1.5588994399805212,1.2485589453367916,0.6091826398628643,0.6088614869441715,0.7816347202742715,1.563269440548543,1.2503077383382633
SAGE,20,1,256,3,1,0.3,0.001,0.0,0.6197160806467322,0.6156549423289019,0.7605678387065355,1.521135677413071,1.2333432926047279,0.6040905770635501,0.6000855883824011,0.7918188458729,1.5836376917458,1.2584266731700342,0.6068256194483403,0.6029590877190245,0.7863487611033193,1.5726975222066386,1.2540723751867906
SAGE,20,2,256,3,1,0.3,0.001,0.0,0.6329546976393099,0.6329346509297513,0.7340906047213801,1.4681812094427602,1.2116852765643231,0.610372534696859,0.6102837204737659,0.7792549306062819,1.5585098612125639,1.2484029242246126,0.6151553520989578,0.6151237729908852,0.7696892958020843,1.5393785916041687,1.2407169667592075
SAGE,21,0,256,3,1,0.3,0.001,0.0005,0.6023668062725236,0.6000851828019902,0.7952663874549528,1.5905327749099056,1.2611632625912894,0.5990260530801071,0.596610688089662,0.8019478938397857,1.6038957876795714,1.2664500731097028,0.5976702508960573,0.5954489350602542,0.8046594982078853,1.6093189964157706,1.2685893726560107
SAGE,21,1,256,3,1,0.3,0.001,0.0005,0.6048870166553034,0.6038367915092591,0.7902259666893932,1.5804519333787863,1.2571602655901857,0.5939128317506696,0.5926530152294011,0.8121743364986608,1.6243486729973216,1.2744993813248093,0.6009428081658096,0.600003272789128,0.7981143836683808,1.5962287673367617,1.2634194740214992
SAGE,21,2,256,3,1,0.3,0.001,0.0005,0.6026273177739631,0.5992862979943961,0.794745364452074,1.589490728904148,1.2607500659941082,0.5964937910883856,0.5931305788665944,0.8070124178232286,1.6140248356464573,1.2704427714960078,0.5982662900555177,0.5948790675880089,0.8034674198889646,1.6069348397779293,1.267649336282684
SAGE,22,0,256,3,1,0.3,0.0003,0.0,0.5874038180578552,0.585689782737983,0.8251923638842895,1.650384727768579,1.2846730042188086,0.5869491112734356,0.5852065075774538,0.8261017774531288,1.6522035549062577,1.2853807042686838,0.5845995013246065,0.5829902971667837,0.8308009973507869,1.6616019947015739,1.289031417267079
SAGE,22,1,256,3,1,0.3,0.0003,0.0,0.5017653647608844,0.33848102027198146,0.9964692704782312,1.9929385409564624,1.4117147519794722,0.5009982955928902,0.33687624225910884,0.9980034088142197,1.9960068176284393,1.4128010538035563,0.5013830450366215,0.33780100996111223,0.9972339099267571,1.9944678198535142,1.412256286887587
SAGE,22,2,256,3,1,0.3,0.0003,0.0,0.5875427639188185,0.5869027549870856,0.8249144721623629,1.6498289443247258,1.2844566728094513,0.5854881908935963,0.5847342230339878,0.8290236182128075,1.658047236425615,1.2876518304361684,0.5838901334372261,0.5831725235509067,0.8322197331255479,1.6644394662510957,1.2901315693568218
SAGE,23,0,256,3,1,0.3,0.0003,0.0005,0.584067887406253,0.5837866684140549,0.8318642251874939,1.6637284503749878,1.2898559804780485,0.5825663501339177,0.5823036346076726,0.8348672997321646,1.6697345994643291,1.2921821077016695,0.5822230014025246,0.5819739658112123,0.8355539971949509,1.6711079943899019,1.2927134231491146
SAGE,23,1,256,3,1,0.3,0.0003,0.0005,0.5000608746469271,0.3340949942745812,0.9998782507061459,1.9997565014122918,1.414127470001305,0.5002678354029705,0.33431673349165586,0.9994643291940589,1.9989286583881178,1.4138347351752671,0.4999220819697678,0.3338518652445907,1.0001558360604643,2.0003116721209286,1.4143237508155369
SAGE,23,2,256,3,1,0.3,0.0003,0.0005,0.5327805982687461,0.4984853401805129,0.9344388034625077,1.8688776069250155,1.3670689839671646,0.5260287314341369,0.49045294931405187,0.9479425371317263,1.8958850742634525,1.3769114257146147,0.53133339826629,0.49593420701094526,0.9373332034674199,1.8746664069348398,1.3691845773798506
SAGE,24,0,256,4,1,0.0,0.001,0.0,0.594708775689101,0.5641852997989913,0.810582448621798,1.621164897243596,1.2732497387565394,0.5941076211346482,0.5639546758945851,0.8117847577307037,1.6235695154614074,1.2741936726657401,0.5883200872681938,0.5570195927228585,0.8233598254636123,1.6467196509272246,1.2832457484547628
SAGE,24,1,256,4,1,0.0,0.001,0.0,0.5548237070224993,0.5035729830907205,0.8903525859550014,1.7807051719100029,1.33443065459019,0.5482834185536888,0.49671923013194796,0.9034331628926223,1.8068663257852446,1.3441972793400694,0.5502571294997662,0.4973859433894561,0.8994857410004675,1.798971482000935,1.3412574257020666
SAGE,24,2,256,4,1,0.0,0.001,0.0,0.5052899424132852,0.3454725234175786,0.9894201151734298,1.9788402303468595,1.4067125613809168,0.5048940832724617,0.3449955148930708,0.9902118334550767,1.9804236669101534,1.407275263376058,0.5050355507938054,0.34521209723878077,0.9899288984123892,1.9798577968247784,1.407074197341696
SAGE,25,0,256,4,1,0.0,0.001,0.0005,0.5069884094672251,0.3488223014451653,0.9860231810655499,1.9720463621310997,1.4042956818744048,0.5053810567324081,0.34530619507425625,0.9892378865351839,1.9784757730703677,1.406583013216912,0.5062918809412498,0.3472975821132067,0.9874162381175003,1.9748324762350007,1.405287328710752
SAGE,25,1,256,4,1,0.0,0.001,0.0005,0.5401163923249245,0.4798453573417021,0.9197672153501509,1.8395344307003019,1.3562943746474443,0.5384952520087655,0.47801352440095235,0.923009495982469,1.846018991964938,1.3586828150694106,0.5392122487143525,0.47803531025626045,0.921575502571295,1.84315100514259,1.3576269756978865
SAGE,25,2,256,4,1,0.0,0.001,0.0005,0.5319283635876645,0.43452762692541225,0.936143272824671,1.872286545649342,1.3683152215952807,0.5319698076454833,0.43623901764547307,0.9360603847090334,1.8721207694180668,1.3682546434849279,0.5305152430115906,0.4340484124875966,0.9389695139768189,1.8779390279536379,1.3703791548157895
SAGE,26,0,256,4,1,0.0,0.0003,0.0,0.5806102074607967,0.5802790849534292,0.8387795850784066,1.677559170156813,1.295206226883122,0.5779887996104213,0.5776074729765717,0.8440224007791576,1.6880448015583152,1.2992477829722533,0.5783855384135889,0.5780281498735322,0.8432289231728222,1.6864578463456443,1.2986369185979754
SAGE,26,1,256,4,1,0.0,0.0003,0.0,0.4999513002824584,0.33331168831168834,1.0000973994350832,2.0001947988701665,1.4142824324971892,0.49992695398100806,0.33330086685497223,1.0001460920379839,2.0002921840759678,1.414316861271182,0.4999610409848839,0.3333160177657723,1.0000779180302322,2.0001558360604643,1.4142686576674406
SAGE,26,2,256,4,1,0.0,0.0003,0.0,0.5000426117340541,0.33350373670245137,0.9999147765318919,1.9998295530637837,1.4141532989968888,0.49997565132700267,0.33340905929513526,1.0000486973459946,2.000097394691989,1.4142479961774699,0.5000486997175416,0.3335626760933851,0.9999026005649168,1.9998052011298335,1.4141446888949636
SAGE,27,0,256,4,1,0.0,0.0003,0.0005,0.5836661147365345,0.582087570041719,0.832667770526931,1.665335541053862,1.2904788030238474,0.583345507669832,0.5816611761025332,0.833308984660336,1.666617969320672,1.2909755881970317,0.5837229234844943,0.5821376180288433,0.8325541530310113,1.6651083060620226,1.290390757120502
SAGE,27,1,256,4,1,0.0,0.0003,0.0005,0.5222922957046849,0.4102625340546087,0.9554154085906301,1.9108308171812602,1.382328042535946,0.5191137083028975,0.4037071927033422,0.961772583394205,1.92354516678841,1.3869193079586173,0.5205508804737417,0.4091242030965866,0.9588982390525167,1.9177964781050334,1.38484529031406
SAGE,27,2,256,4,1,0.0,0.0003,0.0005,0.5000182621717375,0.3334712761514567,0.9999634756565251,1.9999269513130502,1.4141877355263162,0.49997565132700267,0.33340905929513526,1.0000486973459946,2.000097394691989,1.4142479961774699,0.500087659491575,0.33361460964677736,0.9998246810168501,1.9996493620337001,1.4140895876972224
SAGE,28,0,256,4,1,0.3,0.001,0.0,0.4999513002824584,0.33331168831168834,1.0000973994350832,2.0001947988701665,1.4142824324971892,0.49997565132700267,0.33332251152522563,1.0000486973459946,2.000097394691989,1.4142479961774699,0.4999415614773259,0.33330735964467995,1.0001168770453484,2.0002337540906967,1.4142962045097542
SAGE,28,1,256,4,1,0.3,0.001,0.0,0.5007670205512808,0.33494940569188136,0.9984659588974384,1.9969319177948768,1.4131284151820303,0.5009495982468956,0.33531100112865564,0.9981008035062089,1.9962016070124178,1.4128699894230954,0.5006233442418576,0.33464806225769966,0.9987533115162849,1.9975066230325698,1.4133317455688066
SAGE,28,2,256,4,1,0.3,0.001,0.0,0.6111253150224625,0.6104554786674217,0.777749369955075,1.55549873991015,1.2471963517867386,0.599172145118091,0.5986281423681233,0.8016557097638178,1.6033114195276357,1.2662193410020381,0.5966494594331353,0.5961140941955065,0.8067010811337294,1.6134021622674588,1.2701976862943258
SAGE,29,0,256,4,1,0.3,0.001,0.0005,0.5242524593357358,0.4018627493657274,0.9514950813285283,1.9029901626570567,1.379489094794539,0.5222303384465546,0.3984178376216577,0.9555393231068907,1.9110786462137814,1.3824176815325322,0.52306373694873,0.3995115661006339,0.9538725261025401,1.9077450522050803,1.3812114436990015
SAGE,29,1,256,4,1,0.3,0.001,0.0005,0.511444433622285,0.36263094220765585,0.97711113275543,1.95422226551086,1.397935000459914,0.5115169223277332,0.36266615458817014,0.9769661553445337,1.9539323106890674,1.3978312883495874,0.5100319463923952,0.36026126320608537,0.9799361072152096,1.9598722144304193,1.3999543615526968
SAGE,29,2,256,4,1,0.3,0.001,0.0005,0.5899777201504803,0.5821883666992707,0.8200445596990394,1.6400891193980789,1.2806596422930172,0.5886535183832481,0.5802237740660577,0.8226929632335038,1.6453859264670077,1.2827259748157467,0.589714619655206,0.581692567580293,0.820570760689588,1.641141521379176,1.2810704591782514
SAGE,30,0,256,4,1,0.3,0.0003,0.0,0.5000121749293854,0.3334469387392811,0.9999756501412291,1.9999513002824583,1.4141963443180223,0.49997565132700267,0.33332251152522563,1.0000486973459946,2.000097394691989,1.4142479961774699,0.5000194795075581,0.33348046856085223,0.9999610409848839,1.9999220819697678,1.4141860139210003
SAGE,30,1,256,4,1,0.3,0.0003,0.0,0.5177997467614688,0.3951706531812074,0.9644005064770624,1.9288010129541249,1.3888128070240873,0.5175553932310689,0.39467931254564503,0.9648892135378622,1.9297784270757243,1.3891646508156348,0.5171809256661991,0.3946800270969502,0.9656381486676017,1.9312762973352033,1.389703672491083
SAGE,30,2,256,4,1,0.3,0.0003,0.0,0.5067265665899655,0.35595650728612543,0.9865468668200689,1.9730937336401377,1.4046685493881244,0.5062576089603117,0.3546930487495532,0.9874847820793766,1.9749695641587532,1.4053361036274394,0.5071198987045875,0.355816672776683,0.985760202590825,1.97152040518165,1.404108402218878
SAGE,31,0,256,4,1,0.3,0.0003,0.0005,0.5160709067887407,0.3940669408662922,0.9678581864225188,1.9357163728450375,1.3913002453981806,0.5190650109569028,0.39759986016014337,0.9618699780861943,1.9237399561723887,1.3869895299433188,0.5173172822191056,0.3957392693279323,0.965365435561789,1.930730871123578,1.3895074203197253
SAGE,31,1,256,4,1,0.3,0.0003,0.0005,0.526930943800526,0.42245527634516733,0.9461381123989481,1.8922762247978961,1.3756003143347622,0.5281227173119065,0.42352879260951165,0.943754565376187,1.887509130752374,1.3738664894204144,0.5280310113760324,0.42448629438747226,0.9439379772479352,1.8878759544958703,1.3739999834410008
SAGE,31,2,256,4,1,0.3,0.0003,0.0005,0.49995738826594593,0.33331439424684667,1.0000852234681081,2.0001704469362163,1.4142738231814291,0.49992695398100806,0.33330086685497223,1.0001460920379839,2.0002921840759678,1.414316861271182,0.4999513002824584,0.33331168831168834,1.0000973994350832,2.0001947988701665,1.4142824324971892
SAGE,32,0,256,4,1,0.0,0.001,0.0,0.6005040420765559,0.5991470038012607,0.7989919158468881,1.5979838316937762,1.2641138523462894,0.589627465303141,0.5881159018897211,0.820745069393718,1.641490138787436,1.2812065168377174,0.5916121240455041,0.5900201096790499,0.8167757519089918,1.6335515038179835,1.2781046529208724
SAGE,32,1,256,4,1,0.0,0.001,0.0,0.5123210285380345,0.3647289849586079,0.9753579429239311,1.9507158858478622,1.3966803091072282,0.5117604090577064,0.3641923554470535,0.9764791818845873,1.9529583637691745,1.3974828670753623,0.5120967741935484,0.364300493389422,0.9758064516129032,1.9516129032258065,1.3970013970020956
SAGE,32,2,256,4,1,0.0,0.001,0.0,0.604441360166551,0.5897781837380645,0.7911172796668979,1.5822345593337959,1.2578690549233635,0.6015096177258339,0.5858749790904798,0.7969807645483321,1.5939615290966642,1.2625218925217354,0.5982078503944677,0.5830079253421145,0.8035842992110646,1.6071685984221291,1.267741534549582
SAGE,33,0,256,4,1,0.0,0.001,0.0005,0.5980812311288595,0.5924344144222417,0.8038375377422811,1.6076750754845621,1.2679412744620953,0.5981008035062089,0.592383523568268,0.8037983929875822,1.6075967859751643,1.2679104013987599,0.5971832632071061,0.5914162047671936,0.8056334735857877,1.6112669471715755,1.2693569029912648
SAGE,33,1,256,4,1,0.0,0.001,0.0005,0.5512686276419597,0.5151393032407761,0.8974627447160807,1.7949254894321613,1.3397482933119047,0.5498417336255174,0.5144922518785088,0.9003165327489652,1.8006330654979303,1.341876695340496,0.5507635966962755,0.5147796050521306,0.898472806607449,1.796945613214898,1.3405020004516583
SAGE,33,2,256,4,1,0.0,0.001,0.0005,0.5000426117340541,0.3333522713438142,0.9999147765318919,1.9998295530637837,1.4141532989968888,0.5000730460189919,0.3333657966497857,0.9998539079620161,1.9997078159240322,1.4141102559291592,0.5000681796045583,0.3333982680610398,0.9998636407908834,1.9997272815817668,1.4141171385644709
SAGE,34,0,256,4,1,0.0,0.0003,0.0,0.5000486997175416,0.33352807530022716,0.9999026005649168,1.9998052011298335,1.4141446888949636,0.49997565132700267,0.33332251152522563,1.0000486973459946,2.000097394691989,1.4142479961774699,0.49998052049244196,0.3333939199462707,1.0000389590151162,2.0000779180302324,1.4142411102885648
SAGE,34,1,256,4,1,0.0,0.0003,0.0,0.5807441316840363,0.580293955323258,0.8385117366319276,1.6770234732638551,1.2949994105264508,0.5775018261504749,0.577084588466025,0.8449963476990504,1.6899926953981008,1.2999971905346952,0.5791062801932367,0.5785666413914492,0.8417874396135265,1.683574879227053,1.2975264464461036
SAGE,34,2,256,4,1,0.0,0.0003,0.0,0.5008583220716608,0.33537771518169224,0.9982833558566785,1.996566711713357,1.4129991902734258,0.5009009009009009,0.33554722966654277,0.9981981981981982,1.9963963963963964,1.412938921679347,0.5007110158761079,0.3351697518644622,0.9985779682477841,1.9971559364955682,1.4132076763503545
SAGE,35,0,256,4,1,0.0,0.0003,0.0005,0.5001217492938541,0.3337767657041396,0.9997565014122918,1.9995130028245836,1.4140413723878744,0.5002678354029705,0.33397145135863393,0.9994643291940589,1.9989286583881178,1.4138347351752671,0.5000584385226742,0.3336361886617117,0.9998831229546518,1.9997662459093035,1.4141309154068105
SAGE,35,1,256,4,1,0.0,0.0003,0.0005,0.5767020551280803,0.5763773471209166,0.8465958897438395,1.693191779487679,1.3012270284188225,0.575700024348673,0.5754851485889904,0.848599951302654,1.697199902605308,1.3027662501789443,0.5785024154589372,0.5781878064862297,0.8429951690821256,1.6859903381642511,1.2984569065487892
SAGE,35,2,256,4,1,0.0,0.0003,0.0005,0.49975041698625466,0.3350949073191286,1.0004991660274907,2.0009983320549813,1.4145664820201918,0.4996834672510348,0.33482905366354765,1.0006330654979303,2.0012661309958606,1.4146611364548969,0.4994448232200253,0.3347048259394396,1.0011103535599493,2.0022207071198985,1.4149984830804232
SAGE,36,0,256,4,1,0.3,0.001,0.0,0.5000608746469271,0.3333820342368506,0.9998782507061459,1.9997565014122918,1.414127470001305,0.5000730460189919,0.33345236689890595,0.9998539079620161,1.9997078159240322,1.4141102559291592,0.5000584385226742,0.3333593049982469,0.9998831229546518,1.9997662459093035,1.4141309154068105
SAGE,36,1,256,4,1,0.3,0.001,0.0,0.6112910295120288,0.6095498169305222,0.7774179409759423,1.5548358819518846,1.246930584255549,0.5968346725103482,0.5952915822491907,0.8063306549793037,1.6126613099586073,1.2699060240657996,0.6001831073710456,0.5986711025156184,0.7996337852579086,1.5992675705158172,1.264621512752261
SAGE,36,2,256,4,1,0.3,0.001,0.0,0.5982930956816052,0.5780468038384977,0.8034138086367898,1.6068276172735796,1.2676070437140918,0.5932310689067446,0.5719570515513159,0.8135378621865108,1.6270757243730216,1.2755687846498212,0.5943313528781533,0.5733499541019447,0.8113372942436934,1.6226745884873868,1.2738424504181773
SAGE,37,0,256,4,1,0.3,0.001,0.0005,0.5964863153793708,0.5956715858833261,0.8070273692412584,1.6140547384825168,1.2704545401085852,0.5931336742147553,0.5923366271330125,0.8137326515704895,1.627465303140979,1.275721483373616,0.5928977715443353,0.5921535025143492,0.8142044569113293,1.6284089138226585,1.2760912639081339
SAGE,37,1,256,4,1,0.3,0.001,0.0005,0.5223288204928411,0.4002901757486326,0.9553423590143177,1.9106847180286355,1.3822751961995974,0.5248599951302654,0.403975591187526,0.9502800097394692,1.9005600194789385,1.3786080006582504,0.522304036153966,0.4000862834846808,0.9553919276920679,1.9107838553841359,1.3823110559436815
SAGE,37,2,256,4,1,0.3,0.001,0.0005,0.5041089886409292,0.3424946856288372,0.9917820227181416,1.9835640454362833,1.4083905869595563,0.503481860238617,0.3412357906942781,0.993036279522766,1.986072559045532,1.4092808659190446,0.5039251972338561,0.3421151746115838,0.9921496055322879,1.9842992110645759,1.4086515577191459
SAGE,38,0,256,4,1,0.3,0.0003,0.0,0.4999513002824584,0.33331168831168834,1.0000973994350832,2.0001947988701665,1.4142824324971892,0.49997565132700267,0.33332251152522563,1.0000486973459946,2.000097394691989,1.4142479961774699,0.4999415614773259,0.33330735964467995,1.0001168770453484,2.0002337540906967,1.4142962045097542
SAGE,38,1,256,4,1,0.3,0.0003,0.0,0.5895709554884582,0.5895211220476149,0.8208580890230837,1.6417161780461673,1.2812947272373236,0.5841733625517409,0.5841046236590975,0.8316532748965182,1.6633065497930364,1.2896924244923813,0.5880278946548231,0.5879958132054317,0.8239442106903537,1.6478884213807075,1.2837010638698978
SAGE,38,2,256,4,1,0.3,0.0003,0.0,0.5010531185701937,0.3392564795932019,0.9978937628596126,1.9957875257192252,1.4127234427584279,0.4996347699050402,0.33803766258742035,1.0007304601899196,2.0014609203798392,1.4147299814380974,0.4998539008473751,0.33822246940478723,1.0002921983052497,2.0005843966104995,1.4144201626852253
SAGE,39,0,256,4,1,0.3,0.0003,0.0005,0.5000973994350832,0.3334848381199419,0.9998052011298334,1.9996104022596668,1.4140758120623047,0.5000243486729973,0.33334415479011786,0.9999513026540053,1.9999026053080107,1.4141791277302924,0.5000779180302322,0.33340259605350764,0.9998441639395356,1.9996883278790711,1.4141033653446522
SAGE,39,1,256,4,1,0.3,0.0003,0.0005,0.4999513002824584,0.33331168831168834,1.0000973994350832,2.0001947988701665,1.4142824324971892,0.49992695398100806,0.33330086685497223,1.0001460920379839,2.0002921840759678,1.414316861271182,0.4999610409848839,0.3333160177657723,1.0000779180302322,2.0001558360604643,1.4142686576674406
SAGE,39,2,256,4,1,0.3,0.0003,0.0005,0.5015035854730511,0.3464439075240583,0.9969928290538977,1.9939856581077955,1.4120855703914672,0.5009982955928902,0.34547052380565413,0.9980034088142197,1.9960068176284393,1.4128010538035563,0.5011980130515243,0.34519027785519024,0.9976039738969514,1.9952079477939029,1.4125182999854915
SAGE,40,0,256,4,1,0.0,0.001,0.0,0.598154280705172,0.5829193095869336,0.8036914385896562,1.6073828771793124,1.2678260437375912,0.5959581202824447,0.5801881293222617,0.8080837594351108,1.6161675188702216,1.2712857738802168,0.5928003740065451,0.5774974504474882,0.8143992519869098,1.6287985039738195,1.2762439045785172
SAGE,40,1,256,4,1,0.0,0.001,0.0,0.5498563358332522,0.4381705831921399,0.9002873283334957,1.8005746566669913,1.3418549313047932,0.5490625760896031,0.43677346676663675,0.9018748478207937,1.8037496956415875,1.3430374885466108,0.5492636746143057,0.4369124336313844,0.9014726507713885,1.802945301542777,1.342737986929236
SAGE,40,2,256,4,1,0.0,0.001,0.0,0.5658351291135542,0.5343122259646796,0.8683297417728917,1.7366594835457834,1.3178237680152014,0.5603116630143657,0.5286012940065747,0.8793766739712686,1.7587533479425372,1.3261799832385261,0.5588974383948573,0.5267115659649464,0.8822051232102854,1.7644102464205709,1.328311050326907
SAGE,41,0,256,4,1,0.0,0.001,0.0005,0.5245933573585273,0.38586226562740966,0.9508132852829454,1.9016265705658908,1.3789947681430452,0.5256878500121743,0.38804289477826615,0.9486242999756513,1.8972485999513027,1.3774064759363165,0.5249922081969768,0.3867327013308737,0.9500155836060464,1.9000311672120929,1.378416180698737
SAGE,41,1,256,4,1,0.0,0.001,0.0005,0.5772986266679653,0.5028263284013685,0.8454027466640693,1.6908054933281387,1.3003097682199187,0.5784757730703677,0.5039607909955062,0.8430484538592646,1.6860969077185293,1.2984979429011543,0.5754636122798815,0.4999973614843646,0.8490727754402368,1.6981455508804737,1.3031291382209491
SAGE,41,2,256,4,1,0.0,0.001,0.0005,0.601008071879908,0.6010074685847482,0.7979838562401841,1.5959677124803682,1.2633161569774876,0.5978573167762357,0.5978568122927271,0.8042853664475286,1.6085707328950571,1.2682944188535472,0.5927534820298043,0.5927453778353319,0.8144930359403916,1.6289860718807831,1.2763173868128503
SAGE,42,0,256,4,1,0.0,0.0003,0.0,0.5767020551280803,0.54526530598258,0.8465958897438395,1.693191779487679,1.3012270284188225,0.5812515217920623,0.5511970285631077,0.8374969564158753,1.6749939128317506,1.2942155588740814,0.5749571450833723,0.5441280064258317,0.8500857098332554,1.7001714196665108,1.303906215824785
SAGE,42,1,256,4,1,0.0,0.0003,0.0,0.5851879809097107,0.5851210814075034,0.8296240381805785,1.659248076361157,1.2881180366570282,0.577209642074507,0.5770701027436327,0.8455807158509862,1.6911614317019723,1.3004466277790767,0.5832359357955431,0.5831806926070713,0.8335281284089138,1.6670562568178275,1.291145327535916
SAGE,42,2,256,4,1,0.0,0.0003,0.0,0.49999391260942083,0.3333955478618714,1.0000121747811583,2.0000243495623167,1.414222171217209,0.49992695398100806,0.33330086685497223,1.0001460920379839,2.0002921840759678,1.414316861271182,0.4999513002824584,0.3333463115775344,1.0000973994350832,2.0001947988701665,1.4142824324971892
SAGE,43,0,256,4,1,0.0,0.0003,0.0005,0.5791979156520892,0.5789574242717923,0.8416041686958216,1.683208337391643,1.2973851923741242,0.5800827854881909,0.5798336865797429,0.8398344290236183,1.6796688580472365,1.2960203926046985,0.5807035998129967,0.5804912455694178,0.8385928003740065,1.677185600748013,1.2950620065263334
SAGE,43,1,256,4,1,0.0,0.0003,0.0005,0.5320322392130126,0.4091712081401345,0.9359355215739749,1.8718710431479497,1.3681633832068265,0.5311419527635743,0.40861722656607347,0.9377160944728512,1.8754321889457024,1.3694641977597306,0.5293361383824217,0.4047754766545267,0.9413277232351566,1.8826554464703131,1.3720989200747566
SAGE,43,2,256,4,1,0.0,0.0003,0.0005,0.5042063868901957,0.345878001526076,0.9915872262196087,1.9831744524392174,1.4082522687498917,0.5043584124665206,0.345410507916664,0.9912831750669588,1.9825663501339177,1.4080363454591354,0.5044316742962891,0.34638910341890305,0.9911366514074218,1.9822733028148436,1.4079322792005458
SAGE,44,0,256,4,1,0.3,0.001,0.0,0.5108843868705562,0.36052367673860786,0.9782312262588877,1.9564624525177754,1.3987360195968985,0.5108351594838081,0.36028093132634703,0.9783296810323837,1.9566593620647674,1.3988064062138004,0.5100319463923952,0.35899709830084375,0.9799361072152096,1.9598722144304193,1.3999543615526968
SAGE,44,1,256,4,1,0.3,0.001,0.0,0.573305249829551,0.49830725324128744,0.853389500340898,1.706779000681796,1.3064375226859477,0.5703433162892623,0.49468229030830624,0.8593133674214756,1.7186267348429511,1.3109640478834463,0.5696002805049089,0.49403629288393264,0.8607994389901823,1.7215988779803646,1.3120971297813149
SAGE,44,2,256,4,1,0.3,0.001,0.0,0.5000426117340541,0.3333522713438142,0.9999147765318919,1.9998295530637837,1.4141532989968888,0.5000730460189919,0.3333657966497857,0.9998539079620161,1.9997078159240322,1.4141102559291592,0.5000486997175416,0.33335497694954874,0.9999026005649168,1.9998052011298335,1.4141446888949636
SAGE,45,0,256,4,1,0.3,0.001,0.0005,0.5344672250900945,0.4110376531145584,0.931065549819811,1.862131099639622,1.3645992450678046,0.5375700024348673,0.41672509176063915,0.9248599951302654,1.8497199902605308,1.360044113350935,0.533816425120773,0.41009558794117146,0.9323671497584541,1.8647342995169083,1.3655527450512148
SAGE,45,1,256,4,1,0.3,0.001,0.0005,0.5987021525275154,0.5979076736544715,0.8025956949449693,1.6051913898899386,1.266961479244708,0.5933771609447285,0.5924659625782731,0.8132456781105429,1.6264913562210859,1.2753397022837036,0.5957807386629266,0.595056519510794,0.8084385226741468,1.6168770453482937,1.2715648018674839
SAGE,45,2,256,4,1,0.3,0.001,0.0005,0.5759401974749504,0.507971437341014,0.8481196050500992,1.6962392101001984,1.3023974854475873,0.575700024348673,0.506366118877025,0.848599951302654,1.697199902605308,1.3027662501789443,0.5768578942242135,0.5089270113641601,0.846284211551573,1.692568423103146,1.3009874799947714
SAGE,46,0,256,4,1,0.3,0.0003,0.0,0.4999756501412292,0.3338196482230349,1.0000486997175417,2.0000973994350835,1.4142479978543663,0.49992695398100806,0.33356035852819976,1.0001460920379839,2.0002921840759678,1.414316861271182,0.5000973975377903,0.3341026555494078,0.9998052049244195,1.999610409848839,1.4140758147457437
SAGE,46,1,256,4,1,0.3,0.0003,0.0,0.5836417648777638,0.5832059414593765,0.8327164702444726,1.6654329404889452,1.2905165401841796,0.5813489164840516,0.5809594991742935,0.8373021670318967,1.6746043340637935,1.2940650424394415,0.583586566931588,0.5831048702753172,0.8328268661368241,1.6656537322736482,1.290602081306879
SAGE,46,2,256,4,1,0.3,0.0003,0.0,0.5261453425374679,0.4225774751251019,0.9477093149250643,1.8954186298501285,1.3767420346056587,0.5274896518139761,0.4246437519988826,0.9450206963720478,1.8900413927440955,1.374787762799806,0.526872504139476,0.42383383068417996,0.946254991721048,1.892509983442096,1.3756852777587234
SAGE,47,0,256,4,1,0.3,0.0003,0.0005,0.5738165968637382,0.5729839281744977,0.8523668062725236,1.7047336125450472,1.3056544767070066,0.574336498660823,0.5734989433790781,0.851327002678354,1.702654005356708,1.304857848716368,0.5735546205391928,0.572598551395283,0.8528907589216145,1.705781517843229,1.3060557100840795
SAGE,47,1,256,4,1,0.3,0.0003,0.0005,0.5014488165968637,0.33774149326242403,0.9971023668062725,1.994204733612545,1.4121631398717873,0.5018261504747992,0.3389542562357481,0.9963476990504018,1.9926953981008035,1.4116286332108752,0.5012272089761571,0.33773027445524484,0.9975455820476858,1.9950911640953717,1.412476960553825
SAGE,47,2,256,4,1,0.3,0.0003,0.0005,0.5481938712151649,0.4905874698494734,0.9036122575696702,1.8072245151393405,1.3443305081486994,0.5481373265157049,0.49107697813508744,0.9037253469685902,1.8074506939371804,1.3444146287277525,0.5507353657348787,0.4944122115153192,0.8985292685302425,1.797058537060485,1.340544119773939
SAGE,48,0,512,3,1,0.0,0.001,0.0,0.5007913704100516,0.3350033846667004,0.9984172591798968,1.9968345183597935,1.413093952417812,0.500608716824933,0.3346414958357326,0.998782566350134,1.997565132700268,1.413352444615379,0.5005649057191834,0.33448392322085496,0.9988701885616331,1.9977403771232662,1.4134144392651669
SAGE,48,1,512,3,1,0.0,0.001,0.0,0.506452712574267,0.34759737623237286,0.9870945748514659,1.9741891497029318,1.4050584150500405,0.505673240808376,0.34594302221588014,0.9886535183832481,1.9773070367664962,1.406167499541394,0.5057854137447405,0.346129062378274,0.988429172510519,1.976858345021038,1.4060079462865913
SAGE,48,2,512,3,1,0.0,0.001,0.0,0.5000426117340541,0.3333522713438142,0.9999147765318919,1.9998295530637837,1.4141532989968888,0.5000730460189919,0.3333657966497857,0.9998539079620161,1.9997078159240322,1.4141102559291592,0.5000486997175416,0.33335497694954874,0.9999026005649168,1.9998052011298335,1.4141446888949636
SAGE,49,0,512,3,1,0.0,0.001,0.0005,0.5311191195091068,0.3991626146813924,0.9377617609817863,1.8755235219635726,1.3694975436135592,0.5315315315315315,0.3999881544657664,0.9369369369369369,1.8738738738738738,1.3688951288809066,0.5320243104254324,0.4009941273651781,0.9359513791491351,1.8719027582982701,1.3681749735681727
SAGE,49,1,512,3,1,0.0,0.001,0.0005,0.5768481542807051,0.49235025079645756,0.8463036914385896,1.6926073828771793,1.301002453063475,0.5761383004626248,0.4919077583237955,0.8477233990747505,1.695446798149501,1.3020932371184104,0.5750740221287206,0.4892275282914219,0.8498519557425588,1.6997039114851176,1.303726931333827
SAGE,49,2,512,3,1,0.0,0.001,0.0005,0.5130331032299694,0.3642297662974535,0.9739337935400612,1.9478675870801223,1.395660269220315,0.5120038957876796,0.36291007963176836,0.9759922084246409,1.9519844168492817,1.3971343589108678,0.5113470341872017,0.3609469883976794,0.9773059316255965,1.954611863251193,1.3980743411032166
SAGE,50,0,512,3,1,0.0,0.0003,0.0,0.6192169085419305,0.6140802582256727,0.7615661829161391,1.5231323658322782,1.234152488889553,0.6108595081568055,0.6056509758532238,0.7782809836863891,1.5565619673727782,1.2476225259960556,0.6084424185756584,0.6031561119190263,0.7831151628486832,1.5662303256973664,1.2514912407593457
SAGE,50,1,512,3,1,0.0,0.0003,0.0,0.6210796727378981,0.6206472825395537,0.7578406545242038,1.5156813090484076,1.2311300942826504,0.6093498904309715,0.6087546055450883,0.781300219138057,1.562600438276114,1.2500401746648442,0.6108968365279726,0.6102880517811782,0.7782063269440549,1.5564126538881098,1.2475626853541708
SAGE,50,2,512,3,1,0.0,0.0003,0.0,0.6221434919707318,0.6220135353582957,0.7557130160585364,1.5114260321170727,1.229400680053933,0.6119795471146823,0.6118373766441749,0.7760409057706354,1.552081811541271,1.245825754887605,0.6079283140157787,0.6078177343303668,0.7841433719684426,1.5682867439368853,1.252312558404205
SAGE,51,0,512,3,1,0.0,0.0003,0.0005,0.6098300379857797,0.6098247281889903,0.7803399240284407,1.5606798480568813,1.2492717270701683,0.6071585098612126,0.6071546940041179,0.7856829802775749,1.5713659605551498,1.2535413677079628,0.6017025089605734,0.6016974475540977,0.796594982078853,1.593189964157706,1.2622162905610537
SAGE,51,1,512,3,1,0.0,0.0003,0.0005,0.6115467030291224,0.6061575386859961,0.7769065939417551,1.5538131878835102,1.2465204321965646,0.6064280496712929,0.6011737665853389,0.7871439006574141,1.5742878013148283,1.2547062609690078,0.6081891849774038,0.6031196160699881,0.7836216300451925,1.567243260090385,1.251895866312524
SAGE,51,2,512,3,1,0.0,0.0003,0.0005,0.6172370551639335,0.6115852122997892,0.7655258896721332,1.5310517793442664,1.2373567712443596,0.6114438763087412,0.6054933541911143,0.7771122473825176,1.5542244947650352,1.2466854032854622,0.6114931333398266,0.6055466093529978,0.7770137333203467,1.5540274666406935,1.2466063799935783
SAGE,52,0,512,3,1,0.3,0.001,0.0,0.5579526638745496,0.45195608791929653,0.884094672250901,1.768189344501802,1.329732809440228,0.5600681762843925,0.456017500083219,0.879863647431215,1.75972729486243,1.3265471325446487,0.5581463300607761,0.45254122938564917,0.8837073398784479,1.7674146797568957,1.3294414916636594
SAGE,52,1,512,3,1,0.3,0.001,0.0,0.5429896756598812,0.42269772949618084,0.9140206486802377,1.8280412973604754,1.3520507746976351,0.5409301193084977,0.4189750046072529,0.9181397613830046,1.8362795227660091,1.3550939165851232,0.5411017609474833,0.41923570396264925,0.9177964781050335,1.835592956210067,1.3548405648673452
SAGE,52,2,512,3,1,0.3,0.001,0.0,0.5021366740932832,0.3382452769138243,0.9957266518134337,1.9914533036268673,1.4111886137674394,0.5016800584368152,0.33726986355854743,0.9966398831263696,1.9932797662527393,1.4118356017089027,0.5018408493230739,0.3374282105758147,0.9963183013538521,1.9926366027077043,1.411607807681618
SAGE,53,0,512,3,1,0.3,0.001,0.0005,0.5636627057563066,0.4640446968418443,0.8726745884873868,1.7453491769747735,1.3211166401854053,0.5669831994156318,0.46960090700671475,0.8660336011687363,1.7320672023374726,1.3160802416028714,0.5637953872526102,0.46453120708442613,0.8724092254947795,1.744818450989559,1.3209157622610002
SAGE,53,1,512,3,1,0.3,0.001,0.0005,0.5472265510860037,0.43084954689169336,0.9055468978279926,1.8110937956559852,1.345768849266465,0.5458972485999513,0.42834514116980116,0.9082055028000974,1.8164110056001948,1.3477429300872608,0.5459911173445535,0.4283656534572169,0.908017765310893,1.816035530621786,1.3476036251887222
SAGE,53,2,512,3,1,0.3,0.001,0.0005,0.5023801697164494,0.3386967272586472,0.9952396605671013,1.9904793211342027,1.4108434786092334,0.5019235451667884,0.337721845166547,0.9961529096664232,1.9923058193328465,1.411490637352174,0.5024447258205902,0.3387942536179763,0.9951105483588195,1.990221096717639,1.410751961443839
SAGE,54,0,512,3,1,0.3,0.0003,0.0,0.6233320346741988,0.6225611392821777,0.7533359306516022,1.5066718613032044,1.2274656253041079,0.617482347212077,0.6166445194863993,0.7650353055758461,1.5300706111516922,1.236960230222335,0.6107994389901823,0.6100015485515253,0.7784011220196353,1.5568022440392706,1.2477188160957062
SAGE,54,1,512,3,1,0.3,0.0003,0.0,0.5841044121944092,0.5839265931661033,0.8317911756111814,1.6635823512223629,1.2897993453333596,0.5798879961042123,0.5797364092408889,0.8402240077915754,1.6804480155831507,1.2963209539242782,0.5836644849618202,0.5834594345254447,0.8326710300763597,1.6653420601527194,1.2904813288663728
SAGE,54,2,512,3,1,0.3,0.0003,0.0,0.6166039665437014,0.6164377208370242,0.7667920669125973,1.5335841338251945,1.2383796404274396,0.606963720477234,0.606748856775203,0.786072559045532,1.572145118091064,1.253852111730512,0.6060972046362131,0.6058709374633635,0.7878055907275738,1.5756111814551477,1.2552335167032258
SAGE,55,0,512,3,1,0.3,0.0003,0.0005,0.5871116197526054,0.5870858398025227,0.8257767604947891,1.6515535209895782,1.2851278228213636,0.5854394935476016,0.585391036692869,0.8291210129047967,1.6582420258095933,1.2877274656578517,0.5845995013246065,0.5845809561644053,0.8308009973507869,1.6616019947015739,1.289031417267079
SAGE,55,1,512,3,1,0.3,0.0003,0.0005,0.6076750754845622,0.607672841431842,0.7846498490308756,1.5692996980617513,1.2527169265487519,0.59863647431215,0.5986339986491864,0.8027270513757,1.6054541027514,1.2670651533174606,0.6055010129343931,0.6054807398515627,0.788997974131214,1.577995948262428,1.2561830870786423
SAGE,55,2,512,3,1,0.3,0.0003,0.0005,0.6158978292365195,0.615436128465445,0.768204341526961,1.536408683053922,1.2395195371812104,0.6107621134648161,0.6101674963993762,0.7784757730703676,1.5569515461407353,1.2477786446885262,0.6066426414726794,0.6060314226021108,0.7867147170546411,1.5734294341092823,1.254364155303109
SAGE,56,0,512,3,1,0.0,0.001,0.0,0.6287498782507062,0.6286850842533915,0.7425002434985877,1.4850004869971754,1.218605960512739,0.6138300462624787,0.6137820161014422,0.7723399074750427,1.5446798149500853,1.2428514854760746,0.6103124513012311,0.6102773785782523,0.7793750973975377,1.5587501947950755,1.2484991769300753
SAGE,56,1,512,3,1,0.0,0.001,0.0,0.6350077919548066,0.634941480182976,0.7299844160903867,1.4599688321807733,1.2082916999552604,0.6135865595325055,0.613455582969344,0.7728268809349891,1.5456537618699782,1.2432432432432432,0.6148706560698145,0.6147158571834419,0.7702586878603709,1.5405173757207418,1.241175803712247
SAGE,56,2,512,3,1,0.0,0.001,0.0,0.5043037851394622,0.3431732991086885,0.9913924297210758,1.9827848594421515,1.4081139369533104,0.5030922814706599,0.3409724109299517,0.9938154370586803,1.9876308741173605,1.4098336334892,0.5036914385896561,0.34194004423656094,0.9926171228206876,1.9852342456413752,1.408983408575621
SAGE,57,0,512,3,1,0.0,0.001,0.0005,0.5038838024739456,0.3420118016129997,0.9922323950521087,1.9844647901042174,1.4087103286709506,0.5039201363525688,0.3420282038060453,0.9921597272948625,1.984319454589725,1.4086587431275628,0.5036231884057971,0.3417061538451753,0.9927536231884058,1.9855072463768115,1.4090802838649086
SAGE,57,1,512,3,1,0.0,0.001,0.0005,0.5122601538911075,0.3637830115164139,0.9754796922177852,1.9509593844355704,1.396767476867775,0.5113708302897492,0.3632957874475843,0.9772583394205016,1.954516678841003,1.3980402994338192,0.5122526102540128,0.36347393036701925,0.9754947794919745,1.950989558983949,1.3967782783906504
SAGE,57,2,512,3,1,0.0,0.001,0.0005,0.5007122246977611,0.33483869354613366,0.9985755506044779,1.9971511012089558,1.4132059656005405,0.5007061115169223,0.3347712585864228,0.9985877769661553,1.9971755539323106,1.4132146170813231,0.5004967371189247,0.33434993349749964,0.9990065257621505,1.998013051524301,1.4135108954388365
SAGE,58,0,512,3,1,0.0,0.0003,0.0,0.5871237946819908,0.5869744217488795,0.8257524106360183,1.6515048212720367,1.2851088752600057,0.580618456294132,0.5804755516704808,0.8387630874117361,1.6775261748234722,1.2951934893379724,0.5834502103786816,0.5833464811761218,0.8330995792426368,1.6661991584852736,1.2908133708965341
SAGE,58,1,512,3,1,0.0,0.0003,0.0,0.6259861692802182,0.625873716266065,0.7480276614395637,1.4960553228791273,1.223133403549722,0.6136352568785001,0.6135158149748035,0.7727294862429998,1.5454589724859995,1.2431649015661597,0.6172081969767804,0.6170150017800289,0.7655836060464392,1.5311672120928783,1.2374034152582893
SAGE,58,2,512,3,1,0.0,0.0003,0.0,0.6267820835920475,0.6254934920174591,0.7464358328159051,1.4928716656318102,1.221831275435283,0.6106647187728269,0.609388008505164,0.7786705624543463,1.5573411249086926,1.2479347438502915,0.6119411707412097,0.6106290647281285,0.7761176585175806,1.5522353170351613,1.2458873612952182
SAGE,59,0,512,3,1,0.0,0.0003,0.0005,0.6197282555761177,0.6197108296269369,0.7605434888477647,1.5210869776955294,1.2333235494773986,0.6125152179206234,0.6125134389344062,0.7749695641587534,1.5499391283175068,1.2449655129028703,0.6130980208820321,0.6130899819633224,0.7738039582359358,1.5476079164718717,1.244028904998542
SAGE,59,1,512,3,1,0.0,0.0003,0.0005,0.5848592578163047,0.5842570647825103,0.8302814843673907,1.6605629687347814,1.2886283283921633,0.5810567324080838,0.5803309050808334,0.8378865351838325,1.675773070367665,1.2945165392406792,0.58596306685367,0.5853776393490042,0.8280738662926601,1.6561477325853202,1.2869140346524006
SAGE,59,2,512,3,1,0.0,0.0003,0.0005,0.6012393927219158,0.6012390690549566,0.7975212145561683,1.5950424291123366,1.2629498917662318,0.5964937910883856,0.5964932848943494,0.8070124178232286,1.6140248356464573,1.2704427714960078,0.59435083276517,0.594350099902801,0.81129833446966,1.62259666893932,1.2738118655984172
SAGE,60,0,512,3,1,0.3,0.001,0.0,0.5449133145027759,0.4266214084247694,0.9101733709944483,1.8203467419888966,1.3492022613340435,0.5472607742878013,0.43113502908766765,0.9054784514243974,1.8109569028487948,1.3457179878595644,0.5455820476858345,0.4279651352986704,0.908835904628331,1.817671809256662,1.3482105952916488
SAGE,60,1,512,3,1,0.3,0.001,0.0,0.606956754650823,0.5968178829641355,0.7860864906983539,1.5721729813967078,1.2538632227626376,0.5959581202824447,0.5854724463185952,0.8080837594351108,1.6161675188702216,1.2712857738802168,0.6014492753623188,0.591782041234498,0.7971014492753623,1.5942028985507246,1.2626174791086668
SAGE,60,2,512,3,1,0.3,0.001,0.0,0.5133374727589272,0.3623947808297273,0.9733250544821457,1.9466501089642914,1.3952240354023047,0.5129291453615777,0.3615570521259172,0.9741417092768444,1.9482834185536888,1.3958092342987594,0.5129638648095841,0.361622922527677,0.9740722703808318,1.9481445407616635,1.395759485284504
SAGE,61,0,512,3,1,0.3,0.001,0.0005,0.5014488165968637,0.3364591004167343,0.9971023668062725,1.994204733612545,1.4121631398717873,0.5015826637448259,0.3367979105547484,0.9968346725103482,1.9936693450206964,1.411973563853338,0.5011882499610409,0.3358653646686118,0.997623500077918,1.995247000155836,1.4125321235836854
SAGE,61,1,512,3,1,0.3,0.001,0.0005,0.5005722216811143,0.3345174101093171,0.9988555566377715,1.997711113275543,1.4134040870450117,0.5006574141709277,0.3346632554956617,0.9986851716581446,1.9973703433162893,1.413283532528519,0.5005454262116253,0.33447522537199165,0.9989091475767493,1.9978182951534986,1.413442002755507
SAGE,61,2,512,3,1,0.3,0.001,0.0005,0.6083372901372098,0.5845064420372359,0.7833254197255805,1.566650839451161,1.2516592345567386,0.600146092037984,0.5753304659382767,0.7997078159240322,1.5994156318480643,1.2646800511781882,0.6021038277977988,0.577672616168363,0.7957923444044025,1.591584688808805,1.26158023478842
SAGE,62,0,512,3,1,0.3,0.0003,0.0,0.586149800331158,0.5858623305820145,0.8277003993376838,1.6554007986753676,1.2866237984256965,0.5824689554419284,0.5821593240987506,0.8350620891161432,1.6701241782322864,1.292332843439447,0.5854176406420446,0.5851234615166354,0.8291647187159109,1.6583294374318218,1.2877614054753395
SAGE,62,1,512,3,1,0.3,0.0003,0.0,0.5821564234927438,0.5814015338145805,0.8356871530145125,1.671374306029025,1.2928164239477409,0.5809106403700999,0.5803220957831488,0.8381787192598004,1.6763574385196007,1.2947422285998094,0.5839566775751909,0.5831184165082328,0.8320866448496183,1.6641732896992365,1.2900284065474048
SAGE,62,2,512,3,1,0.3,0.0003,0.0,0.6167744134799177,0.6164641905303718,0.7664511730401646,1.5329023460803293,1.238104335700481,0.6061845629413197,0.6058525447862301,0.7876308741173607,1.5752617482347213,1.255094318461653,0.6072075581961625,0.6068705609164671,0.7855848836076751,1.5711697672153502,1.253463109634803
SAGE,63,0,512,3,1,0.3,0.0003,0.0005,0.5862106749780851,0.5860339649091171,0.8275786500438298,1.6551573000876596,1.2865291679894628,0.5844168492817141,0.5842036443875009,0.8311663014365717,1.6623326028731433,1.289314780367131,0.586820165186224,0.5866679957462171,0.8263596696275518,1.6527193392551036,1.2855813234700881
SAGE,63,1,512,3,1,0.3,0.0003,0.0005,0.6009179896756599,0.6003737894223617,0.7981640206486802,1.5963280412973604,1.2634587612175399,0.5937667397126857,0.5932513075615878,0.8124665205746286,1.6249330411492573,1.2747286147055996,0.5998519557425588,0.5993383560795043,0.8002960885148823,1.6005921770297646,1.2651451209366318
SAGE,63,2,512,3,1,0.3,0.0003,0.0005,0.5923883268198255,0.5919048948919281,0.8152233463603492,1.6304466927206984,1.2768894598674931,0.5896761626491356,0.5891919593379886,0.8206476747017287,1.6412953494034574,1.2811304966331327,0.5868705561507743,0.5863008545350885,0.8262588876984513,1.6525177753969027,1.285502927027746
SAGE,64,0,512,3,1,0.0,0.001,0.0,0.5000486997175416,0.33335497694954874,0.9999026005649168,1.9998052011298335,1.4141446888949636,0.5000243486729973,0.33334415479011786,0.9999513026540053,1.9999026053080107,1.4141791277302924,0.5000584385226742,0.3333593049982469,0.9998831229546518,1.9997662459093035,1.4141309154068105
SAGE,64,1,512,3,1,0.0,0.001,0.0,0.6332667770526931,0.6192930451575798,0.7334664458946138,1.4669328917892277,1.211170050731617,0.614609203798393,0.6006821236476575,0.770781592403214,1.541563184806428,1.2415970299603765,0.6175393486052673,0.6035960315032338,0.7649213027894655,1.529842605578931,1.2368680631251383
SAGE,64,2,512,3,1,0.0,0.001,0.0,0.5778638128979632,0.4990579231095207,0.8442723742040736,1.6885447484081473,1.2994401673059623,0.5755052349646944,0.49492997614218454,0.8489895300706112,1.6979790601412224,1.3030652555191633,0.57716957241648,0.497828486872567,0.84566085516704,1.69132171033408,1.3005082507750882
SAGE,65,0,512,3,1,0.0,0.001,0.0005,0.6079429239310412,0.5902015461864667,0.7841141521379176,1.5682283042758351,1.2522892254889983,0.6047236425614804,0.5873117557934984,0.7905527148770392,1.5811054297540783,1.2574201484603618,0.6006506155524388,0.5823822011927854,0.7986987688951224,1.5973975377902447,1.2638819319027568
SAGE,65,1,512,3,1,0.0,0.001,0.0005,0.5940756793610598,0.5451709878968657,0.8118486412778806,1.6236972825557612,1.274243808129261,0.592354516678841,0.5442743794643825,0.815290966642318,1.630581933284636,1.2769424158060676,0.5910277388187627,0.5418243719998168,0.8179445223624747,1.6358890447249494,1.2790187820063275
SAGE,65,2,512,3,1,0.0,0.001,0.0005,0.5177812678817099,0.3717406799736076,0.9644374642365804,1.9288749284731608,1.3888394178137229,0.5178475773070368,0.372004206422386,0.9643048453859264,1.9286096907718528,1.3887439255571392,0.5169572416479984,0.3700549421761417,0.9660855167040031,1.9321710334080062,1.3900255513507678
SAGE,66,0,512,3,1,0.0,0.0003,0.0,0.620690074997565,0.6177057583290819,0.75861985000487,1.51723970000974,1.2317628424375124,0.6122230338446555,0.6092540272777481,0.775553932310689,1.551107864621378,1.2454348094626944,0.6114812217547141,0.6086046557752542,0.7770375564905719,1.5540751129811439,1.2466254902660798
SAGE,66,1,512,3,1,0.0,0.0003,0.0,0.6241234050842505,0.6239155393810777,0.751753189831499,1.503506379662998,1.2261755093227877,0.6103238373508644,0.6101374507080477,0.7793523252982713,1.5587046505965425,1.2484809372179226,0.613448652018077,0.613362569020183,0.7731026959638461,1.5462053919276921,1.243465074671457
SAGE,66,2,512,3,1,0.0,0.0003,0.0,0.6239210100198449,0.6233446578804784,0.7521579799603102,1.5043159599206204,1.226505589029508,0.6120769418066715,0.6115656830935348,0.7758461163866569,1.5516922327733138,1.2456693914411294,0.6105580987630271,0.6100367539111566,0.7788838024739456,1.5577676049478912,1.248105606488446
SAGE,67,0,512,3,1,0.0,0.0003,0.0005,0.6106092334664459,0.6084088209354028,0.7787815330671082,1.5575630661342164,1.2480236640922384,0.6023374726077428,0.6000853961702519,0.7953250547845142,1.5906501095690284,1.261209780159125,0.6057932055477637,0.6036931357082138,0.7884135889044724,1.5768271778089449,1.2557177938569417
SAGE,67,1,512,3,1,0.0,0.0003,0.0005,0.6088682185643324,0.6025002292473152,0.7822635628713354,1.5645271257426707,1.2508105874762456,0.6004382761139518,0.5940803287163063,0.7991234477720964,1.5982468955441929,1.2642178987596215,0.6036894187314945,0.597560988311184,0.7926211625370111,1.5852423250740222,1.259064067104618
SAGE,67,2,512,3,1,0.0,0.0003,0.0005,0.6114175097702619,0.6110810173173584,0.7771649804594762,1.5543299609189525,1.246727701191785,0.6040418797175554,0.6038236101176817,0.7919162405648892,1.5838324811297784,1.2585040648046308,0.6048894516411805,0.6046127606264593,0.7902210967176391,1.5804421934352781,1.2571563917966921
SAGE,68,0,512,3,1,0.3,0.001,0.0,0.5028732833349566,0.33979293710294584,0.9942534333300866,1.9885068666601733,1.410144271576555,0.5030435841246652,0.3402733654398065,0.9939128317506696,1.9878256635013392,1.409902714197451,0.5026686925354527,0.3395084418219774,0.9946626149290946,1.9893252298581892,1.4104344117534104
SAGE,68,1,512,3,1,0.3,0.001,0.0,0.5001217492938541,0.33351730354429066,0.9997565014122918,1.9995130028245836,1.4140413723878744,0.5001704407109813,0.33358222227258627,0.9996591185780375,1.999318237156075,1.4139725022630656,0.5001168770453482,0.3335237883874269,0.9997662459093034,1.9995324918186068,1.4140482636100533
SAGE,68,2,512,3,1,0.3,0.001,0.0,0.6429136686268064,0.6295596693496616,0.7141726627463871,1.4283453254927743,1.1951340198876335,0.6189919649379109,0.6048635830901494,0.7620160701241783,1.5240321402483565,1.2345169663671522,0.6220317522158372,0.6078569494183546,0.7559364955683257,1.5118729911366513,1.2295824458476345
SAGE,69,0,512,3,1,0.3,0.001,0.0005,0.5016070906788741,0.33680905695361113,0.9967858186422519,1.9935716372845038,1.4119389637248856,0.5016800584368152,0.33701315326606046,0.9966398831263696,1.9932797662527393,1.4118356017089027,0.5014609630668536,0.3364688098009688,0.9970780738662927,1.9941561477325853,1.4121459371228546
SAGE,69,1,512,3,1,0.3,0.001,0.0005,0.5828503944677121,0.5140931341883717,0.8342992110645758,1.6685984221291517,1.2917423977438969,0.5818845872899927,0.5134165800616386,0.8362308254200146,1.6724616508400292,1.2932368889109331,0.582807386629266,0.5142915958050324,0.834385226741468,1.668770453482936,1.2918089849056384
SAGE,69,2,512,3,1,0.3,0.001,0.0005,0.6040882915129601,0.5777058301097997,0.7918234169740799,1.5836468339481597,1.2584303055585397,0.5981008035062089,0.5708121506876281,0.8037983929875822,1.6075967859751643,1.2679104013987599,0.6013635920911659,0.5746938581180675,0.7972728158176683,1.5945456316353366,1.262753195060435
SAGE,70,0,512,3,1,0.3,0.0003,0.0,0.6239407811434694,0.6237230029194036,0.7521184377130613,1.5042368754261226,1.2264733488446142,0.6144144144144145,0.6142476225178237,0.7711711711711712,1.5423423423423424,1.2419107626324617,0.6128447872837774,0.6126242100938535,0.7743104254324451,1.5486208508648902,1.2444359569157788
SAGE,70,1,512,3,1,0.3,0.0003,0.0,0.6161244764780365,0.6145169980067012,0.7677510470439272,1.5355020940878543,1.2391537814524292,0.6038957876795714,0.6020221245916473,0.7922084246408571,1.5844168492817141,1.2587362111585232,0.6097280660744896,0.608313559986702,0.7805438678510207,1.5610877357020414,1.2494349665757083
SAGE,70,2,512,3,1,0.3,0.0003,0.0,0.6173101038508833,0.6172855426847578,0.7653797922982334,1.5307595845964668,1.2372386934607513,0.6066715364012661,0.6066464475164025,0.7866569271974677,1.5733138543949354,1.2543180834202046,0.6100905814746275,0.6100364178564768,0.7798188370507451,1.5596376741014901,1.2488545448135624
SAGE,71,0,512,3,1,0.3,0.0003,0.0005,0.6054105386188761,0.6052251332089387,0.789178922762248,1.578357845524496,1.2563271252044572,0.5978573167762357,0.5977023751369721,0.8042853664475286,1.6085707328950571,1.2682944188535472,0.5986247467664018,0.5984228750103744,0.8027505064671965,1.605501012934393,1.2670836645361636
SAGE,71,1,512,3,1,0.3,0.0003,0.0005,0.5977159832472971,0.5975767115988482,0.8045680335054056,1.6091360670108112,1.2685172710731263,0.5901144387630874,0.589995332259672,0.8197711224738252,1.6395422449476504,1.2804461116921908,0.596754714040829,0.5965920027158715,0.806490571918342,1.612981143836684,1.2700319459906053
SAGE,71,2,512,3,1,0.3,0.0003,0.0005,0.6045631079781341,0.6028356389524946,0.7908737840437318,1.5817475680874635,1.2576754621473154,0.6006330654979304,0.5985647295506062,0.7987338690041392,1.5974677380082785,1.2639097032653395,0.5995909223726502,0.5975698177186995,0.8008181552546996,1.6016363105093991,1.2655577073011721
SAGE,72,0,512,4,1,0.0,0.001,0.0,0.5000486997175416,0.33335497694954874,0.9999026005649168,1.9998052011298335,1.4141446888949636,0.5000243486729973,0.33334415479011786,0.9999513026540053,1.9999026053080107,1.4141791277302924,0.5000584385226742,0.3333593049982469,0.9998831229546518,1.9997662459093035,1.4141309154068105
SAGE,72,1,512,4,1,0.0,0.001,0.0,0.6155522547969222,0.5989055940436285,0.7688954904061557,1.5377909808123114,1.2400770060009625,0.6049671292914536,0.5881377523571052,0.7900657414170927,1.5801314828341855,1.2570328089728546,0.6057737260402057,0.5893249578345154,0.7884525479195886,1.5769050958391773,1.2557488187687764
SAGE,72,2,512,4,1,0.0,0.001,0.0,0.49995738826594593,0.33331439424684667,1.0000852234681081,2.0001704469362163,1.4142738231814291,0.49992695398100806,0.33330086685497223,1.0001460920379839,2.0002921840759678,1.414316861271182,0.4999513002824584,0.33331168831168834,1.0000973994350832,2.0001947988701665,1.4142824324971892
SAGE,73,0,512,4,1,0.0,0.001,0.0005,0.4999513002824584,0.33331168831168834,1.0000973994350832,2.0001947988701665,1.4142824324971892,0.49997565132700267,0.33332251152522563,1.0000486973459946,2.000097394691989,1.4142479961774699,0.4999415614773259,0.33330735964467995,1.0001168770453484,2.0002337540906967,1.4142962045097542
SAGE,73,1,512,4,1,0.0,0.001,0.0005,0.5323244375182624,0.40200751809650703,0.9353511249634752,1.8707022499269503,1.3677361770191465,0.5302167031896762,0.3979170798871187,0.9395665936206476,1.8791331872412953,1.3708147895471858,0.5309724170172978,0.3995356544826407,0.9380551659654044,1.8761103319308088,1.3697117696547725
SAGE,73,2,512,4,1,0.0,0.001,0.0005,0.5000426117340541,0.3333522713438142,0.9999147765318919,1.9998295530637837,1.4141532989968888,0.5000730460189919,0.3333657966497857,0.9998539079620161,1.9997078159240322,1.4141102559291592,0.5000486997175416,0.33335497694954874,0.9999026005649168,1.9998052011298335,1.4141446888949636
SAGE,74,0,512,4,1,0.0,0.0003,0.0,0.5751923638842895,0.5628264656530408,0.8496152722314211,1.6992305444628422,1.3035453749152126,0.5734112490869248,0.5612778764169902,0.8531775018261505,1.706355003652301,1.3062752403886024,0.5705937353903693,0.5577515231845324,0.8588125292192613,1.7176250584385226,1.3105819541098995
SAGE,74,1,512,4,1,0.0,0.0003,0.0,0.6020259082497321,0.6016709184709879,0.7959481835005356,1.5918963670010713,1.2617037556419777,0.5939128317506696,0.5935612068552634,0.8121743364986608,1.6243486729973216,1.2744993813248093,0.5976897304036154,0.5973949900407947,0.8046205391927692,1.6092410783855384,1.26855866178334
SAGE,74,2,512,4,1,0.0,0.0003,0.0,0.6036621741724193,0.5984306841601414,0.7926756516551615,1.585351303310323,1.2591073438394056,0.599172145118091,0.593574235240192,0.8016557097638178,1.6033114195276357,1.2662193410020381,0.5975844940099347,0.5920580334927744,0.8048310119801305,1.609662023960261,1.268724565837779
SAGE,75,0,512,4,1,0.0,0.0003,0.0005,0.5703954417064381,0.5615411817447522,0.8592091165871238,1.7184182331742477,1.310884523203416,0.5688823959094229,0.5599480412634393,0.8622352081811542,1.7244704163623084,1.3131909291349482,0.5672043010752689,0.5580812481611632,0.8655913978494624,1.7311827956989247,1.3157441984287541
SAGE,75,1,512,4,1,0.0,0.0003,0.0005,0.5869655205999805,0.5853813715565316,0.8260689588000389,1.6521379176000779,1.2853551717716305,0.5812028244460676,0.5795718639314469,0.8375943511078646,1.6751887022157292,1.2942908105274213,0.5858072307932055,0.5843254966384457,0.8283855384135889,1.6567710768271777,1.2871561975250625
SAGE,75,2,512,4,1,0.0,0.0003,0.0005,0.5319161888065062,0.4064298834326297,0.9361676223869876,1.8723352447739752,1.3683330167667427,0.5299245191137083,0.4037635595278218,0.9401509617725834,1.8803019235451668,1.3712410158484782,0.5309243206389402,0.4052053815183606,0.9381513587221194,1.8763027174442388,1.3697819963206697
SAGE,76,0,512,4,1,0.3,0.001,0.0,0.4999513002824584,0.33331168831168834,1.0000973994350832,2.0001947988701665,1.4142824324971892,0.49997565132700267,0.33332251152522563,1.0000486973459946,2.000097394691989,1.4142479961774699,0.4999415614773259,0.33330735964467995,1.0001168770453484,2.0002337540906967,1.4142962045097542
SAGE,76,1,512,4,1,0.3,0.001,0.0,0.5000486997175416,0.33335497694954874,0.9999026005649168,1.9998052011298335,1.4141446888949636,0.5000730460189919,0.3333657966497857,0.9998539079620161,1.9997078159240322,1.4141102559291592,0.5000389590151161,0.3333506480014544,0.9999220819697678,1.9998441639395357,1.4141584649322492
SAGE,76,2,512,4,1,0.3,0.001,0.0,0.500237408232587,0.33393630954990655,0.999525183534826,1.999050367069652,1.4138777765668615,0.5002678354029705,0.33405783072147355,0.9994643291940589,1.9989286583881178,1.4138347351752671,0.5003214181357748,0.3341335705305034,0.9993571637284504,1.9987143274569008,1.413758935411869
SAGE,77,0,512,4,1,0.3,0.001,0.0005,0.5000486997175416,0.33335497694954874,0.9999026005649168,1.9998052011298335,1.4141446888949636,0.5000243486729973,0.33334415479011786,0.9999513026540053,1.9999026053080107,1.4141791277302924,0.5000584385226742,0.3333593049982469,0.9998831229546518,1.9997662459093035,1.4141309154068105
SAGE,77,1,512,4,1,0.3,0.001,0.0005,0.4999513002824584,0.33331168831168834,1.0000973994350832,2.0001947988701665,1.4142824324971892,0.49992695398100806,0.33330086685497223,1.0001460920379839,2.0002921840759678,1.414316861271182,0.4999610409848839,0.3333160177657723,1.0000779180302322,2.0001558360604643,1.4142686576674406
SAGE,77,2,512,4,1,0.3,0.001,0.0005,0.5013574880991514,0.33626780898042663,0.9972850238016971,1.9945700476033943,1.4122924794827005,0.5010956902848794,0.33563462852560705,0.997808619430241,1.995617238860482,1.4126631724726464,0.5012759325995909,0.33607662155967843,0.9974481348008182,1.9948962696016364,1.4124079685422468
SAGE,78,0,512,4,1,0.3,0.0003,0.0,0.6105361838901334,0.6070494727322604,0.7789276322197332,1.5578552644394663,1.2481407230114183,0.6,0.5963110904806395,0.8,1.6,1.2649110640673518,0.6037088982390525,0.6002518355493929,0.792582203521895,1.58516440704379,1.2590331238866554
SAGE,78,1,512,4,1,0.3,0.0003,0.0,0.5979107821174637,0.5965546675553846,0.8041784357650725,1.608356871530145,1.268210105436061,0.5922084246408571,0.5908505425686335,0.8155831507182858,1.6311663014365716,1.277171210698304,0.5954885460495559,0.5943328946055935,0.8090229079008883,1.6180458158017765,1.2720242984321395
SAGE,78,2,512,4,1,0.3,0.0003,0.0,0.5808344595005904,0.5774229945644105,0.838331080998819,1.676662161997638,1.2948599005288712,0.5759922084246408,0.572694424385886,0.8480155831507182,1.6960311663014365,1.3023176134497438,0.5750462647316645,0.5719156381323256,0.8499074705366709,1.6998149410733419,1.3037695122502835
SAGE,79,0,512,4,1,0.3,0.0003,0.0005,0.5965471900262979,0.5958233148307552,0.8069056199474043,1.6138112398948086,1.2703587052068437,0.5962503043584124,0.5955074795059512,0.807499391283175,1.61499878256635,1.2708260237209301,0.5944366526414212,0.5937748900483786,0.8111266947171576,1.6222533894343152,1.2736771134923934
SAGE,79,1,512,4,1,0.3,0.0003,0.0005,0.5830573682672641,0.5829715876577992,0.8338852634654719,1.6677705269309437,1.291421901212359,0.5788166544923302,0.5786842749053229,0.8423666910153397,1.6847333820306793,1.2979727971073505,0.5835086489013558,0.5834322985305588,0.8329827021972884,1.6659654043945769,1.290722822450497
SAGE,79,2,512,4,1,0.3,0.0003,0.0005,0.5299316994777019,0.4158278313911196,0.9401366010445962,1.8802732020891924,1.371230543012076,0.5302654005356708,0.4156975795441167,0.9394691989286584,1.8789383978573169,1.3707437389451453,0.5303594039154573,0.41598230933203273,0.9392811921690855,1.878562384338171,1.370606575330124
SAGE,80,0,512,4,1,0.0,0.001,0.0,0.5095694944969319,0.35433431925394027,0.9808610110061362,1.9617220220122724,1.4006148728370238,0.5095203311419527,0.35418798676520225,0.9809593377160944,1.961918675432189,1.4006850736094067,0.5086294218482157,0.35232616692076163,0.9827411563035686,1.9654823126071372,1.4019566015419798
SAGE,80,1,512,4,1,0.0,0.001,0.0,0.5000486997175416,0.33335497694954874,0.9999026005649168,1.9998052011298335,1.4141446888949636,0.5000730460189919,0.3333657966497857,0.9998539079620161,1.9997078159240322,1.4141102559291592,0.5000389590151161,0.3333506480014544,0.9999220819697678,1.9998441639395357,1.4141584649322492
SAGE,80,2,512,4,1,0.0,0.001,0.0,0.5000426117340541,0.3333522713438142,0.9999147765318919,1.9998295530637837,1.4141532989968888,0.5000730460189919,0.3333657966497857,0.9998539079620161,1.9997078159240322,1.4141102559291592,0.5000486997175416,0.33335497694954874,0.9999026005649168,1.9998052011298335,1.4141446888949636
SAGE,81,0,512,4,1,0.0,0.001,0.0005,0.4999513002824584,0.33331168831168834,1.0000973994350832,2.0001947988701665,1.4142824324971892,0.49997565132700267,0.33332251152522563,1.0000486973459946,2.000097394691989,1.4142479961774699,0.4999415614773259,0.33330735964467995,1.0001168770453484,2.0002337540906967,1.4142962045097542
SAGE,81,1,512,4,1,0.0,0.001,0.0005,0.4999513002824584,0.33331168831168834,1.0000973994350832,2.0001947988701665,1.4142824324971892,0.49992695398100806,0.33330086685497223,1.0001460920379839,2.0002921840759678,1.414316861271182,0.4999610409848839,0.3333160177657723,1.0000779180302322,2.0001558360604643,1.4142686576674406
SAGE,81,2,512,4,1,0.0,0.001,0.0005,0.5000426117340541,0.3333522713438142,0.9999147765318919,1.9998295530637837,1.4141532989968888,0.5000730460189919,0.3333657966497857,0.9998539079620161,1.9997078159240322,1.4141102559291592,0.5000486997175416,0.33335497694954874,0.9999026005649168,1.9998052011298335,1.4141446888949636
SAGE,82,0,512,4,1,0.0,0.0003,0.0,0.5751558390961332,0.5653790909370762,0.8496883218077335,1.699376643615467,1.3036014128618714,0.5734599464329194,0.5638510086039382,0.8530801071341612,1.7061602142683223,1.3062006791715897,0.5747039114851177,0.5649181286316003,0.8505921770297646,1.7011843540595293,1.3042945810128665
SAGE,82,1,512,4,1,0.0,0.0003,0.0,0.5755454368364663,0.5673374282203743,0.8489091263270673,1.6978182526541346,1.3030035505147846,0.5731190650109569,0.5650144648006366,0.8537618699780862,1.7075237399561725,1.3067225183474005,0.5767103007635968,0.5683079929349166,0.8465793984728066,1.6931587969456132,1.3012143547262354
SAGE,82,2,512,4,1,0.0,0.0003,0.0,0.5953224490789778,0.5809998001015113,0.8093551018420444,1.6187102036840888,1.2722854253995401,0.5925980034088142,0.5771988342885755,0.8148039931823715,1.629607986364743,1.2765609998604621,0.5942729132171033,0.5794457221943875,0.8114541735657933,1.6229083471315866,1.273934200471746
SAGE,83,0,512,4,1,0.0,0.0003,0.0005,0.5814259277296192,0.5814184137241066,0.8371481445407617,1.6742962890815234,1.2939460147477264,0.5822254687119552,0.5822082056291378,0.8355490625760896,1.6710981251521793,1.292709605886867,0.578794608072308,0.5787921107622265,0.8424107838553841,1.6848215677107683,1.2980067672053055
SAGE,83,1,512,4,1,0.0,0.0003,0.0005,0.5795144638161098,0.5794487142707377,0.8409710723677802,1.6819421447355605,1.2968971218780465,0.5764304845385927,0.5763295226857486,0.8471390309228147,1.6942780618456295,1.3016443684223542,0.5820282063269441,0.5819831449810642,0.8359435873461118,1.6718871746922237,1.2930147619776906
SAGE,83,2,512,4,1,0.0,0.0003,0.0005,0.5760619452865334,0.5729101447366648,0.847876109426933,1.695752218853866,1.302210512495528,0.573654735816898,0.5704197656824073,0.8526905283662041,1.7053810567324081,1.3059023917324022,0.5730398363689491,0.5698436970027467,0.8539203272621019,1.7078406545242037,1.3068437758677216
SAGE,84,0,512,4,1,0.3,0.001,0.0,0.5000486997175416,0.33335497694954874,0.9999026005649168,1.9998052011298335,1.4141446888949636,0.5000243486729973,0.33334415479011786,0.9999513026540053,1.9999026053080107,1.4141791277302924,0.5000779180302322,0.33340259605350764,0.9998441639395356,1.9996883278790711,1.4141033653446522
SAGE,84,1,512,4,1,0.3,0.001,0.0,0.5032141813577481,0.34052115548448236,0.9935716372845037,1.9871432745690074,1.409660694837239,0.5025079133187241,0.3390100378329057,0.9949841733625517,1.9899683467251035,1.410662378716149,0.5029803646563815,0.3399902505514062,0.9940392706872371,1.9880785413744742,1.409992390537791
SAGE,84,2,512,4,1,0.3,0.001,0.0,0.49995738826594593,0.33331439424684667,1.0000852234681081,2.0001704469362163,1.4142738231814291,0.49992695398100806,0.33330086685497223,1.0001460920379839,2.0002921840759678,1.414316861271182,0.4999513002824584,0.33331168831168834,1.0000973994350832,2.0001947988701665,1.4142824324971892
SAGE,85,0,512,4,1,0.3,0.001,0.0005,0.5000486997175416,0.33335497694954874,0.9999026005649168,1.9998052011298335,1.4141446888949636,0.5000243486729973,0.33334415479011786,0.9999513026540053,1.9999026053080107,1.4141791277302924,0.5000584385226742,0.3333593049982469,0.9998831229546518,1.9997662459093035,1.4141309154068105
SAGE,85,1,512,4,1,0.3,0.001,0.0005,0.4999513002824584,0.33331168831168834,1.0000973994350832,2.0001947988701665,1.4142824324971892,0.49992695398100806,0.33330086685497223,1.0001460920379839,2.0002921840759678,1.414316861271182,0.4999610409848839,0.3333160177657723,1.0000779180302322,2.0001558360604643,1.4142686576674406
SAGE,85,2,512,4,1,0.3,0.001,0.0005,0.501381837661468,0.3363431283868972,0.9972363246770639,1.9944726493541278,1.4122579967393096,0.5013391770148526,0.3361736444561415,0.9973216459702946,1.9946432919405892,1.412318410253364,0.5013538521476576,0.33624903467001926,0.9972922957046849,1.9945845914093698,1.4122976284796946
SAGE,86,0,512,4,1,0.3,0.0003,0.0,0.5051499951300282,0.3459688404255321,0.9897000097399435,1.979400019479887,1.4069115179995817,0.5054297540784027,0.3461618093351057,0.9891404918431945,1.978280983686389,1.4065137694620657,0.5051425899953249,0.3458613071049738,0.9897148200093502,1.9794296400187004,1.4069220447553945
SAGE,86,1,512,4,1,0.3,0.0003,0.0,0.6043026200448037,0.6031266556500691,0.7913947599103925,1.582789519820785,1.2580896310759362,0.5945945945945946,0.5933545061551804,0.8108108108108109,1.6216216216216217,1.2734290799340267,0.5995792426367461,0.5981905229439026,0.8008415147265077,1.6016830294530153,1.2655761650145816
SAGE,86,2,512,4,1,0.3,0.0003,0.0,0.6032117072695619,0.602541839817071,0.7935765854608764,1.5871531709217528,1.2598226743957868,0.5975651327002678,0.5970766545972577,0.8048697345994643,1.6097394691989286,1.2687550863736188,0.593785916041687,0.5931855957681549,0.8124281679166261,1.6248563358332522,1.2746985274304086
SAGE,87,0,512,4,1,0.3,0.0003,0.0005,0.5849931820395442,0.5849393962389783,0.8300136359209117,1.6600272718418234,1.2884204561562282,0.5820306793279766,0.5819354046777068,0.8359386413440467,1.6718772826880934,1.2930109368014229,0.5842488701885616,0.5841995681928915,0.8315022596228767,1.6630045192457534,1.289575325153887
SAGE,87,1,512,4,1,0.3,0.0003,0.0005,0.55142690172397,0.46921034392784805,0.89714619655206,1.79429239310412,1.3395119981187626,0.5486242999756513,0.46642320486400324,0.9027514000486974,1.8055028000973947,1.3436899940452762,0.5468871746922238,0.46477961395760403,0.9062256506155525,1.812451301231105,1.34627311539342
SAGE,87,2,512,4,1,0.3,0.0003,0.0005,0.5984878921801381,0.5962034469921164,0.8030242156397239,1.6060484312794479,1.2672996612007152,0.5945945945945946,0.5922231297586312,0.8108108108108109,1.6216216216216217,1.2734290799340267,0.5951105483588195,0.5925947765398898,0.809778903282361,1.619557806564722,1.2726184842932
SAGE,88,0,512,4,1,0.0,0.001,0.0,0.6126911463913509,0.6109733196785976,0.7746177072172982,1.5492354144345963,1.2446828569698372,0.5975164353542732,0.595769377314032,0.8049671292914536,1.6099342585829073,1.2688318480330274,0.5977871279414056,0.5960546248997114,0.8044257441171887,1.6088514882343774,1.268405096266322
SAGE,88,1,512,4,1,0.0,0.001,0.0,0.4999513002824584,0.33331168831168834,1.0000973994350832,2.0001947988701665,1.4142824324971892,0.49992695398100806,0.33330086685497223,1.0001460920379839,2.0002921840759678,1.414316861271182,0.4999610409848839,0.3333160177657723,1.0000779180302322,2.0001558360604643,1.4142686576674406
SAGE,88,2,512,4,1,0.0,0.001,0.0,0.5000426117340541,0.3333522713438142,0.9999147765318919,1.9998295530637837,1.4141532989968888,0.5000730460189919,0.3333657966497857,0.9998539079620161,1.9997078159240322,1.4141102559291592,0.5000486997175416,0.33335497694954874,0.9999026005649168,1.9998052011298335,1.4141446888949636
SAGE,89,0,512,4,1,0.0,0.001,0.0005,0.4999513002824584,0.33331168831168834,1.0000973994350832,2.0001947988701665,1.4142824324971892,0.49997565132700267,0.33332251152522563,1.0000486973459946,2.000097394691989,1.4142479961774699,0.4999415614773259,0.33330735964467995,1.0001168770453484,2.0002337540906967,1.4142962045097542
SAGE,89,1,512,4,1,0.0,0.001,0.0005,0.4999513002824584,0.33331168831168834,1.0000973994350832,2.0001947988701665,1.4142824324971892,0.49992695398100806,0.33330086685497223,1.0001460920379839,2.0002921840759678,1.414316861271182,0.4999610409848839,0.3333160177657723,1.0000779180302322,2.0001558360604643,1.4142686576674406
SAGE,89,2,512,4,1,0.0,0.001,0.0005,0.49995738826594593,0.33331439424684667,1.0000852234681081,2.0001704469362163,1.4142738231814291,0.49992695398100806,0.33330086685497223,1.0001460920379839,2.0002921840759678,1.414316861271182,0.4999513002824584,0.33331168831168834,1.0000973994350832,2.0001947988701665,1.4142824324971892
SAGE,90,0,512,4,1,0.0,0.0003,0.0,0.5723799551962598,0.5529178495064773,0.8552400896074803,1.7104801792149606,1.3078532712865616,0.5680058436815194,0.5478660256777798,0.8639883126369613,1.7279766252739226,1.3145252471040343,0.5685873461118903,0.5487597988205025,0.8628253077762195,1.725650615552439,1.3136402154138092
SAGE,90,1,512,4,1,0.0,0.0003,0.0,0.5935156326093308,0.5611837850563687,0.8129687347813382,1.6259374695626765,1.275122531195601,0.5912344777209642,0.5599783225540728,0.8175310445580716,1.6350620891161431,1.2786954637896168,0.5896836527972573,0.5576136145653867,0.8206326944054855,1.641265388810971,1.2811188035506196
SAGE,90,2,512,4,1,0.0,0.0003,0.0,0.5912195478286277,0.5816967073453342,0.8175609043427444,1.6351218086854888,1.2787188153325535,0.5883613343072802,0.5781165448777663,0.8232773313854395,1.646554662770879,1.283181461357231,0.5885458264342067,0.5782914817045505,0.8229083471315867,1.6458166942631733,1.2828938749028205
SAGE,91,0,512,4,1,0.0,0.0003,0.0005,0.5959384435570274,0.5959337478440389,0.8081231128859453,1.6162462257718906,1.2713167291323946,0.5897248599951302,0.5897208747966647,0.8205502800097395,1.641100560019479,1.281054471917365,0.5918848371513168,0.5918848023078602,0.8162303256973664,1.6324606513947328,1.2776778355261285
SAGE,91,1,512,4,1,0.0,0.0003,0.0005,0.5004991721048018,0.3345494773520197,0.9990016557903965,1.998003311580793,1.4135074501327516,0.5002191380569759,0.33394974774319935,0.9995617238860482,1.9991234477720965,1.4139036203971247,0.5006623032569737,0.33487237392366775,0.9986753934860527,1.9973507869721054,1.4132766137498014
SAGE,91,2,512,4,1,0.0,0.0003,0.0005,0.5888332907215993,0.5480162996103516,0.8223334185568014,1.6446668371136028,1.2824456468457457,0.5886535183832481,0.5465697570329406,0.8226929632335038,1.6453859264670077,1.2827259748157467,0.5867341969416577,0.5452434356735216,0.8265316061166845,1.653063212233369,1.285715058725443
SAGE,92,0,512,4,1,0.3,0.001,0.0,0.5000608746469271,0.3333820342368506,0.9998782507061459,1.9997565014122918,1.414127470001305,0.5000243486729973,0.33334415479011786,0.9999513026540053,1.9999026053080107,1.4141791277302924,0.5001168770453482,0.33348916939379775,0.9997662459093034,1.9995324918186068,1.4140482636100533
SAGE,92,1,512,4,1,0.3,0.001,0.0,0.5000486997175416,0.33335497694954874,0.9999026005649168,1.9998052011298335,1.4141446888949636,0.5000730460189919,0.3333657966497857,0.9998539079620161,1.9997078159240322,1.4141102559291592,0.5000389590151161,0.3333506480014544,0.9999220819697678,1.9998441639395357,1.4141584649322492
SAGE,92,2,512,4,1,0.3,0.001,0.0,0.5004687290745948,0.3344496108958238,0.9990625418508102,1.9981250837016205,1.4135505239295907,0.5003652300949598,0.33427394201145794,0.9992695398100804,1.9985390796201608,1.41369695466184,0.5008278951982078,0.33525654615341244,0.9983442096035843,1.9966884192071686,1.4130422566955203
SAGE,93,0,512,4,1,0.3,0.001,0.0005,0.5000486997175416,0.33335497694954874,0.9999026005649168,1.9998052011298335,1.4141446888949636,0.5000243486729973,0.33334415479011786,0.9999513026540053,1.9999026053080107,1.4141791277302924,0.5000584385226742,0.3333593049982469,0.9998831229546518,1.9997662459093035,1.4141309154068105
SAGE,93,1,512,4,1,0.3,0.001,0.0005,0.5000486997175416,0.33335497694954874,0.9999026005649168,1.9998052011298335,1.4141446888949636,0.5000730460189919,0.3333657966497857,0.9998539079620161,1.9997078159240322,1.4141102559291592,0.5000389590151161,0.3333506480014544,0.9999220819697678,1.9998441639395357,1.4141584649322492
SAGE,93,2,512,4,1,0.3,0.001,0.0005,0.49995738826594593,0.33331439424684667,1.0000852234681081,2.0001704469362163,1.4142738231814291,0.49992695398100806,0.33330086685497223,1.0001460920379839,2.0002921840759678,1.414316861271182,0.4999513002824584,0.33331168831168834,1.0000973994350832,2.0001947988701665,1.4142824324971892
SAGE,94,0,512,4,1,0.3,0.0003,0.0,0.6055322879127301,0.6053175188305449,0.7889354241745398,1.5778708483490795,1.2561332924292228,0.5989773557341125,0.598776023586236,0.802045288531775,1.60409057706355,1.2665269744713494,0.5991117344553529,0.5989083511808909,0.801776531089294,1.603553062178588,1.2663147563613828
SAGE,94,1,512,4,1,0.3,0.0003,0.0,0.5856749780851271,0.5856748537198271,0.8286500438297458,1.6573000876594917,1.287361677097579,0.5806671536401267,0.5806635737007186,0.8386656927197468,1.6773313854394936,1.2951182901339529,0.583995636590307,0.5839953025723269,0.832008726819386,1.664017453638772,1.2899680048895679
SAGE,94,2,512,4,1,0.3,0.0003,0.0,0.5876158126057685,0.5875696476419907,0.8247683747884632,1.6495367495769264,1.2843429252255514,0.5851960068176284,0.5851863655531284,0.8296079863647431,1.6592159727294862,1.2881055751488253,0.5828382195383267,0.5828084008949588,0.8343235609233467,1.6686471218466934,1.291761248004713
SAGE,95,0,512,4,1,0.3,0.0003,0.0005,0.5983125547871823,0.5982924548289108,0.8033748904256355,1.606749780851271,1.267576341232066,0.5977112247382518,0.5976908882403587,0.8045775505234964,1.6091551010469929,1.2685247735251342,0.5952158329437431,0.5952072780888247,0.8095683341125136,1.6191366682250272,1.2724530121874942
SAGE,95,1,512,4,1,0.3,0.0003,0.0005,0.6001874939125353,0.6000962020655487,0.7996250121749294,1.5992500243498589,1.2646145754141294,0.5953737521305089,0.5952742383608338,0.8092524957389823,1.6185049914779646,1.2722047757644854,0.5987611033193081,0.5987048138627231,0.8024777933613838,1.6049555867227676,1.266868417288381
SAGE,95,2,512,4,1,0.3,0.0003,0.0005,0.6005576049770506,0.5985945409531926,0.798884790045899,1.597769580091798,1.2640291057138668,0.5958120282444607,0.5936641217457679,0.8083759435110787,1.6167518870221573,1.271515586621791,0.5949741891497029,0.5929128015597454,0.8100516217005941,1.6201032434011882,1.2728327633279983
