timestamp,model,config_id,fold,hidden_dim,num_layers,heads,dropout,lr,weight_decay,train_acc,train_f1,train_mae,train_mse,train_rmse,val_acc,val_f1,val_mae,val_mse,val_rmse,test_acc,test_f1,test_mae,test_mse,test_rmse
2025-12-23T17:39:37.923259,GAT,0,0,128,2,4,0.3,0.0005,0.0,0.5584031362618097,0.3738770777467328,0.8719927924418038,1.732784649849031,1.3163527832040434,0.5552471390309228,0.372081619842824,0.8762600438276114,1.7392744095446797,1.3188155327962587,0.5506856786660433,0.3692652519298317,0.884525479195886,1.7549477949197445,1.324744426264834
2025-12-23T17:39:39.842247,GAT,0,1,128,2,4,0.3,0.0005,0.0,0.5465082302522646,0.3428114229454402,0.8933597935131976,1.773095841044122,1.3315764495680005,0.5425371317263209,0.3401953002368023,0.8992938884830777,1.7829559289018748,1.3352737280804543,0.5437120149602618,0.34063956400834244,0.8983364500545427,1.7824333800841514,1.3350780426941908
2025-12-23T17:39:42.937807,GAT,0,2,128,2,4,0.3,0.0005,0.0,0.5409864007694462,0.3549001899657099,0.8971961478992415,1.773561245236617,1.3317511949446927,0.5413683954224495,0.3562215528687853,0.8939858777696615,1.7646944241538836,1.3284180155936924,0.5382292782701861,0.3533440309054468,0.900594136554008,1.7782409662023961,1.3335070176802206
2025-12-23T17:39:45.782766,GAT,1,0,128,2,4,0.3,0.0005,0.0005,0.534455050160709,0.3417665722498198,0.9000073049576313,1.768932015194312,1.330012035732877,0.5308984660336011,0.3402494465972234,0.9058193328463598,1.779254930606282,1.3338871506264245,0.5299789621318373,0.3386463147560559,0.9089722611812373,1.7868747078073866,1.33674032923653
2025-12-23T17:39:48.541760,GAT,1,1,128,2,4,0.3,0.0005,0.0005,0.5094964449206194,0.3248131614163008,0.9495592675562482,1.8676706925099835,1.3666274885681113,0.505673240808376,0.32226439317846717,0.9564158753347942,1.8805941076211345,1.3713475517246292,0.5125253233598255,0.32665328095232604,0.9451651862240923,1.8605462053919277,1.3640184036118896
2025-12-23T17:39:50.691720,GAT,1,2,128,2,4,0.3,0.0005,0.0005,0.4852259030643924,0.2907392041076254,1.005442127177764,1.9867781876620767,1.4095311942848503,0.4838081324567811,0.2902663187775351,1.00954467981495,1.9962503043584126,1.4128872228024474,0.4854387844550502,0.29172132254399596,1.0051816499464303,1.9864225187493914,1.409405022961601
2025-12-23T17:39:55.070857,GAT,2,0,128,2,4,0.3,0.001,0.0,0.5899118535112496,0.39221290301334183,0.8193970974968345,1.638014999513003,1.2798496003488078,0.5736060384709033,0.38160477289086064,0.8509861212563915,1.7001704407109812,1.3039058404313484,0.5763012311048776,0.3832748882390586,0.8452353124513012,1.688308399563659,1.299349221558107
2025-12-23T17:39:59.459825,GAT,2,1,128,2,4,0.3,0.001,0.0,0.5921885653063212,0.3942250151621611,0.814624525177754,1.6282507061459044,1.27602927323236,0.5810080350620891,0.38709482081890706,0.8352568785001218,1.6677867056245435,1.2914281651042552,0.5758337229234844,0.3834324143965591,0.8455859435873461,1.6884252766090073,1.2993941960040485
2025-12-23T17:40:03.848655,GAT,2,2,128,2,4,0.3,0.001,0.0,0.5934110084371234,0.39505290829959544,0.8122040006330886,1.6234340187735126,1.27414050197516,0.5823228634039445,0.3878892447854952,0.8331628926223521,1.6641344046749451,1.2900133350764034,0.578299405863446,0.3851701331137039,0.8412389208142593,1.6803155741696698,1.2962698693442156
2025-12-23T17:40:08.244739,GAT,3,0,128,2,4,0.3,0.001,0.0005,0.5673882341482419,0.37785744613698835,0.860195285867342,1.7153623258985098,1.3097184147359728,0.5608473338203068,0.3739803205417078,0.8719259800340882,1.737472607742878,1.3181322421300823,0.5591008259311204,0.3724611484908684,0.8761882499610409,1.746766401745364,1.321652905170402
2025-12-23T17:40:12.631171,GAT,3,1,128,2,4,0.3,0.001,0.0005,0.5648436739066913,0.3770323398547372,0.8678167916626084,1.7331377228012077,1.316486886680307,0.5646944241538836,0.3769950902593136,0.8677867056245434,1.7327489651813976,1.3163392287633904,0.5638733052828424,0.3764607214456732,0.8693509428081658,1.7357994389901823,1.3174974151740042
2025-12-23T17:40:13.578815,GAT,3,2,128,2,4,0.3,0.001,0.0005,0.4874660627975212,0.247359710186579,1.0019601397664877,1.9808125448945055,1.4074134235875775,0.48595081568054543,0.2470969761912786,1.003944485025566,1.9837350864377892,1.408451307797962,0.4859063017434499,0.24625160107985491,1.0039349371773643,1.983617415018993,1.4084095338426934
2025-12-23T17:40:17.360435,GAT,4,0,128,2,4,0.5,0.0005,0.0,0.5339071783383657,0.3350228135967255,0.910465569299698,1.7992110645758255,1.3413467354028283,0.5316776235695154,0.3354887518008309,0.9118578037496956,1.7989286583881179,1.3412414616272932,0.5274466261492909,0.33131937457525934,0.9198807854137447,1.814535608539816,1.3470469956686055
2025-12-23T17:40:18.303626,GAT,4,1,128,2,4,0.5,0.0005,0.0,0.5061118145514756,0.27613960048431124,0.9869241258400702,1.9729960066231615,1.4046337624531036,0.5074750426101777,0.276923903516986,0.9843681519357195,1.968054541027514,1.402873672512074,0.5031362007168458,0.27463088930167423,0.9929484182639863,1.9851176562256505,1.4089420343738952
2025-12-23T17:40:22.240436,GAT,4,2,128,2,4,0.5,0.0005,0.0,0.55470737913486,0.3688492737830886,0.8725300412725081,1.7270048820872446,1.3141555775809972,0.5471633795958121,0.36396883830492194,0.8851229607986365,1.7496956415875335,1.3227606138631183,0.5487289373721632,0.365028626545459,0.8826726404986851,1.7454757962403817,1.3211645606208113
2025-12-23T17:40:24.478195,GAT,5,0,128,2,4,0.5,0.0005,0.0005,0.508887698451349,0.3379822633282125,0.9493888185448525,1.8659418525372553,1.3659948215631184,0.507036766496226,0.33700759473718506,0.9509617725833942,1.8669588507426345,1.366367026366867,0.5045971637836996,0.3348507352233339,0.9591125136356553,1.886531868474365,1.3735107820743035
2025-12-23T17:40:27.397009,GAT,5,1,128,2,4,0.5,0.0005,0.0005,0.5278197136456608,0.33903516990924515,0.9076531606116685,1.778598909126327,1.3336412220407432,0.5316289262235209,0.34246589978958486,0.9016800584368152,1.7682980277574871,1.329773675388969,0.5295114539504441,0.3400758518635853,0.9038101916783544,1.7704534829359513,1.3305838879739793
2025-12-23T17:40:30.653154,GAT,5,2,128,2,4,0.5,0.0005,0.0005,0.5164420419542959,0.3117969113182231,0.9375433726578765,1.8455142018822213,1.3584970378628807,0.5155588020452885,0.3116678130797572,0.9383491599707816,1.8461650840029218,1.3587365763837087,0.5172883997272816,0.3126234217852041,0.9351904158955878,1.8401480471413265,1.3565205664276994
2025-12-23T17:40:31.859416,GAT,6,0,128,2,4,0.5,0.001,0.0,0.5006696211161975,0.30476692904377606,0.9767945845914093,1.9317229960066231,1.3898643804366753,0.4962746530314098,0.3009767586329601,0.9835889943998052,1.9433162892622353,1.394028797859727,0.49918186068256193,0.3035910912126856,0.9788842138070749,1.9350163627863488,1.3910486557940196
2025-12-23T17:40:36.241426,GAT,6,1,128,2,4,0.5,0.001,0.0,0.5905084250511347,0.3932646434497058,0.8178752313236584,1.6346425440732444,1.2785314012855704,0.5836863890917945,0.3889838603897262,0.829900170440711,1.6570732895057219,1.2872735876672534,0.5806451612903226,0.3868502032988525,0.8362357799594826,1.669997662459093,1.2922838939099617
2025-12-23T17:40:40.607210,GAT,6,2,128,2,4,0.5,0.001,0.0,0.5900994679620634,0.39369223100902334,0.8182792164310847,1.6350365852173807,1.2786854911264853,0.580618456294132,0.3877936697215108,0.8350133917701485,1.6662770878987094,1.2908435567096075,0.5795850784065453,0.38708957123049376,0.837070224992695,1.6703808317911757,1.2924321381763824
2025-12-23T17:40:41.985055,GAT,7,0,128,2,4,0.5,0.001,0.0005,0.5146707899094185,0.2857840298155138,0.9413046654329404,1.8532555761176586,1.361343298407003,0.5131726320915511,0.2834034517179787,0.9452154857560263,1.861991721451181,1.3645481748370707,0.5125642823749416,0.2841771422753991,0.9445418419822347,1.8587540906965871,1.363361320669098
2025-12-23T17:40:43.444136,GAT,7,1,128,2,4,0.5,0.001,0.0005,0.5299746761468783,0.31635832646095036,0.9121822343430408,1.796496055322879,1.3403343072990705,0.5233990747504261,0.3121617308455326,0.9228147065984904,1.8152422692963233,1.3473092700996023,0.5252259622876734,0.3132660213333937,0.9212833099579243,1.8143018544491196,1.3469602274934178
2025-12-23T17:40:47.818338,GAT,7,2,128,2,4,0.5,0.001,0.0005,0.5673569767583427,0.3790885570034934,0.8604039592388327,1.7159258312331835,1.309933521684663,0.5703920136352569,0.3812979764142779,0.8534696859021184,1.7011930849768688,1.3042979279968472,0.5653063212233369,0.37779755393008335,0.8637966299795461,1.722002532385312,1.3122509410876078
2025-12-23T17:40:53.240836,GAT,8,0,128,2,8,0.3,0.0005,0.0,0.5280510373039836,0.3568085354542423,0.9078723093406058,1.7797190026297847,1.3340610940394688,0.5278792305819333,0.35707015613082493,0.9060628195763331,1.773946919892866,1.3318959868896918,0.5253428393330216,0.35502149019497553,0.9131019167835437,1.7899914290166745,1.3379056128952724
2025-12-23T17:40:55.323817,GAT,8,1,128,2,8,0.3,0.0005,0.0,0.5035307295217688,0.28962062693785673,0.9822611278854583,1.9538448426999124,1.397800000965772,0.5011930849768688,0.2875846947759758,0.9866082298514731,1.9622108595081569,1.4007893701439045,0.5020453482935952,0.2898625490868458,0.9842800374006545,1.9569308087891537,1.3989034308304322
2025-12-23T17:40:59.378429,GAT,8,2,128,2,8,0.3,0.0005,0.0,0.4829857433312636,0.29769582813272305,0.9957753509380669,1.9532975394767278,1.3976042141739298,0.48054541027514003,0.29622940459175123,0.9979060141222303,1.954808862916971,1.3981447932588995,0.4803350540566865,0.29633908256298214,0.9995909223726502,1.9594428752313238,1.3998010127269247
2025-12-23T17:41:04.505598,GAT,9,0,128,2,8,0.3,0.0005,0.0005,0.47673370994448233,0.3149005336487727,0.9954709262686277,1.9398801986948475,1.3927958208922253,0.47216946676406135,0.3122945908484848,1.0031166301436572,1.9536888239590942,1.39774419117344,0.47469611968209446,0.3134948844375513,1.0003116721209289,1.9503272557269753,1.3965411758079227
2025-12-23T17:41:07.042696,GAT,9,1,128,2,8,0.3,0.0005,0.0005,0.5354168695821564,0.31478602540609285,0.9195480666212136,1.8294779390279536,1.3525819527954503,0.534745556367178,0.3148484860391573,0.9205746286827368,1.8312149987825663,1.3532239278044733,0.533426834969612,0.31214435914171207,0.923971482000935,1.838768115942029,1.356011842109806
2025-12-23T17:41:08.821839,GAT,9,2,128,2,8,0.3,0.0005,0.0005,0.4933586568781426,0.22108769307274403,1.002873248353361,1.9953370588163677,1.412564001670851,0.4922327733138544,0.2208366443376897,1.003700998295593,1.9955685415144875,1.4126459363600234,0.49282166163436253,0.22097781176907175,1.002649264634265,1.9935911171715204,1.4119458619832137
2025-12-23T17:41:12.581395,GAT,10,0,128,2,8,0.3,0.001,0.0,0.5487362423297945,0.368908073446371,0.8801499951300282,1.7379224700496738,1.318302874930368,0.5470172875578281,0.36761915165719367,0.8836133430728025,1.7448746043340637,1.320937017550066,0.5429523141654979,0.3653411023803057,0.8895122331307465,1.7544413277232351,1.3245532559029989
2025-12-23T17:41:20.281571,GAT,10,1,128,2,8,0.3,0.001,0.0,0.5808171812603486,0.387881652647695,0.8347009837342944,1.6657373137235805,1.290634461698424,0.5667397126856586,0.3790467448600851,0.8598490382274167,1.7130265400535671,1.3088263979816297,0.5662108461898083,0.37866675132764094,0.8608383980052984,1.714936886395512,1.3095559882630112
2025-12-23T17:41:23.425285,GAT,10,2,128,2,8,0.3,0.001,0.0,0.5323910052716803,0.32683648222424105,0.9101257654893653,1.7951593070114564,1.3398355522270098,0.5248599951302654,0.3225889100575714,0.9196493791088386,1.8086681275870464,1.344867327131954,0.528060777247492,0.3249001666762718,0.9156910489919159,1.8031947014707315,1.3428308536337448
2025-12-23T17:41:25.508308,GAT,11,0,128,2,8,0.3,0.001,0.0005,0.501156618291614,0.26900359527359136,0.9520064283627155,1.8583325216713744,1.3632067054087484,0.5008035062089116,0.26784598541058585,0.9533966398831264,1.8617969320672023,1.3644767979219004,0.5025518154901044,0.2703481799606107,0.949431198379305,1.8533972261181237,1.3613953232320595
2025-12-23T17:41:27.285699,GAT,11,1,128,2,8,0.3,0.001,0.0005,0.5002434985877082,0.28258886251322063,0.9772085321905133,1.9321125937469563,1.3900045301174224,0.49900170440710984,0.28312104141861055,0.9783783783783784,1.9331385439493547,1.39037352677234,0.4996493688639551,0.2828734151720688,0.9780660744896369,1.933496961196821,1.3905024132294128
2025-12-23T17:41:35.013385,GAT,11,2,128,2,8,0.3,0.001,0.0005,0.556204877217332,0.36756546796067574,0.8771442833315071,1.7438426044291855,1.320546328013215,0.5496956415875335,0.3636582812211046,0.8889700511322133,1.766301436571707,1.3290227374171244,0.5508717249439953,0.36430997915728325,0.8858089023083666,1.7591701568130904,1.3263371203480248
2025-12-23T17:41:42.715249,GAT,12,0,128,2,8,0.5,0.0005,0.0,0.5430383753774228,0.3605812402810215,0.8960261030486023,1.7741550599006526,1.3319741213329381,0.5351351351351351,0.35593003888144703,0.9080107134161188,1.7943024105186267,1.3395157373165225,0.5354916627707652,0.356258847506748,0.9075502571294998,1.7936340969300295,1.339266253188674
2025-12-23T17:41:47.374417,GAT,12,1,128,2,8,0.5,0.0005,0.0,0.5298772767117951,0.33755329001972917,0.9018578942242135,1.7653282360962306,1.3286565531002474,0.5242756269783296,0.33526628230741257,0.913318724129535,1.7885074263452643,1.3373508987342344,0.5268622409225495,0.33554131663072867,0.9059334580021817,1.771524855851644,1.3309864221139314
2025-12-23T17:41:53.395622,GAT,12,2,128,2,8,0.5,0.0005,0.0,0.536323459585814,0.35131781951010504,0.8994484824135286,1.7709923664122138,1.3307863714406658,0.5380569758948137,0.35290043473662047,0.8932554175797419,1.755880204528853,1.325096300096281,0.5351514561215545,0.35092218329401437,0.8991526249147755,1.7677607869874354,1.3295716554542802
2025-12-23T17:41:54.872938,GAT,13,0,128,2,8,0.5,0.0005,0.0005,0.5000365247881562,0.2222420631699702,0.9998539008473751,1.9996347521184377,1.4140844218498547,0.49997565132700267,0.2222222222222222,0.9999513026540053,1.9998052106160213,1.4141446922490009,0.5000194795075581,0.22223376578401707,0.9998831229546518,1.9996883278790711,1.4141033653446522
2025-12-23T17:42:00.447351,GAT,13,1,128,2,8,0.5,0.0005,0.0005,0.5146829648388039,0.2989015857166752,0.9328552644394662,1.8279317229960066,1.3520102525484068,0.5149744338933528,0.3004661002844818,0.9312393474555637,1.8236669101533967,1.3504321197873652,0.5137720118435406,0.2994197415106054,0.9344904160822814,1.8310152719339254,1.3531501291186894
2025-12-23T17:42:02.982639,GAT,13,2,128,2,8,0.5,0.0005,0.0005,0.48994971815381616,0.2214755866684278,0.9948622423511937,1.9644861633612136,1.401601285445049,0.4905770635500365,0.22165016501650167,0.9943024105186268,1.9640613586559532,1.4014497346162484,0.4901723970000974,0.2216057455624689,0.9942144735560534,1.9629882146683548,1.4010668130636579
2025-12-23T17:42:04.457358,GAT,14,0,128,2,8,0.5,0.001,0.0,0.48744764780364275,0.23002654347499615,0.998843381708386,1.9714254407324439,1.4040745851743217,0.48702215729242754,0.22893771078027084,1.001899196493791,1.9797419040662283,1.4070330145615733,0.48613059061866915,0.2285431264507032,1.0023764999220819,1.9793906810035842,1.4069081992097368
2025-12-23T17:42:06.689309,GAT,14,1,128,2,8,0.5,0.001,0.0,0.5141594428752313,0.29522881248930194,0.9278148436739067,1.8117634167721828,1.3460176138417292,0.5162405648892135,0.2982115837207701,0.9215972729486243,1.7972729486243,1.3406240892301988,0.5120578151784323,0.293923195389891,0.9307113916160199,1.8162498052049245,1.3476831249240024
2025-12-23T17:42:14.396208,GAT,14,2,128,2,8,0.5,0.001,0.0,0.585667847620439,0.39032579175221244,0.8259371537796608,1.6491471565798606,1.2841912461077831,0.5660579498417336,0.37792708593065366,0.8617969320672023,1.7175066958850742,1.3105367968451227,0.569260738287718,0.37997365215025614,0.8554592383364177,1.7048991915846887,1.305717883612187
2025-12-23T17:42:16.330739,GAT,15,0,128,2,8,0.5,0.001,0.0005,0.496639719489627,0.2613192168381692,0.9868997759812993,1.9539787669231519,1.3978479055044408,0.4942780618456294,0.26026804875911824,0.9902118334550767,1.9591916240564888,1.3997112645315422,0.4953833567087424,0.2608433319554366,0.988838242169238,1.9572814399251988,1.399028748784384
2025-12-23T17:42:24.050501,GAT,15,1,128,2,8,0.5,0.001,0.0005,0.5597302035648193,0.3748006057261743,0.8715423200545437,1.7340873672932697,1.316847511025202,0.5636230825420014,0.37760030469366274,0.8627708789870953,1.7155588020452885,1.3097934196068053,0.5596267726351878,0.3748514220336559,0.8709093034128097,1.7319814555088047,1.3160476646036816
2025-12-23T17:42:26.745434,GAT,15,2,128,2,8,0.5,0.001,0.0005,0.49015668943350743,0.24374722313862376,0.9703544078795183,1.89137660250557,1.3752732828443843,0.4922327733138544,0.24599545898229627,0.9676649622595569,1.8874604334063794,1.3738487665701706,0.4897048797116977,0.24377151093600388,0.9713061264244668,1.8933281386967955,1.3759826084281719
2025-12-23T17:42:28.860177,GAT,16,0,128,3,4,0.3,0.0005,0.0,0.48278464984903086,0.258605137553735,1.0030437323463524,1.974700496737119,1.40524036973648,0.48429510591672753,0.2593520529384405,0.99863647431215,1.964499634769905,1.4016060911575352,0.4804230949041608,0.25705775647844925,1.0074606513947328,1.98322814399252,1.408271331808086
2025-12-23T17:42:31.482789,GAT,16,1,128,3,4,0.3,0.0005,0.0,0.5165457290347716,0.2852229382034764,0.9403063212233369,1.8540104217395539,1.361620513116468,0.5170684197711225,0.2870004638566563,0.9378134891648405,1.8475773070367665,1.3592561594625079,0.5166744584696898,0.2857079480173594,0.9403342683496961,1.8543517219884682,1.3617458360459445
2025-12-23T17:42:34.981215,GAT,16,2,128,3,4,0.3,0.0005,0.0,0.4806238357865517,0.30925724157091156,1.0104459622338289,1.99258555827459,1.41158972731973,0.4756756756756757,0.3055539352560706,1.019381543705868,2.0094959824689553,1.4175669234533357,0.4772377520210383,0.30697624857768263,1.01688906204344,2.005142690172397,1.4160306106057161
2025-12-23T17:42:36.972705,GAT,17,0,128,3,4,0.3,0.0005,0.0005,0.49437518262394076,0.2220836683238442,0.9952517775396903,1.9745056978669524,1.4051710564436461,0.4936936936936937,0.22216378498016787,0.9940589237886536,1.969564158753348,1.4034116141579234,0.4945652173913043,0.22221055257250133,0.9945846968988624,1.9728845254791958,1.4045940785434046
2025-12-23T17:42:39.340819,GAT,17,1,128,3,4,0.3,0.0005,0.0005,0.4982833349566573,0.3315910606202519,0.992804616733223,1.9749805201129833,1.4053400016056554,0.4921353786218651,0.32753435707605755,1.0045775505234964,1.9980034088142196,1.4135074845271318,0.49672744273024777,0.3306338947981353,0.9961430575035063,1.9818840579710144,1.4077940396133997
2025-12-23T17:42:41.202031,GAT,17,2,128,3,4,0.3,0.0005,0.0005,0.5067630909334405,0.2419938706428694,0.9812508370162046,1.9572786929154948,1.399027767028051,0.5083515948380813,0.2439505875082708,0.9776479181884588,1.9496469442415387,1.396297584414418,0.5079770137333204,0.24328621864571032,0.9791175611181455,1.9533067108210773,1.397607495265061
2025-12-23T17:42:43.817976,GAT,18,0,128,3,4,0.3,0.001,0.0,0.5290250316548164,0.31951658387526427,0.9236510178240966,1.8290031167819227,1.3524064170144723,0.5272461650840029,0.31907208170321627,0.9268078889700512,1.8349159970781592,1.3545907120153153,0.5228494623655914,0.3158263608620704,0.9353864734299517,1.851858345021038,1.36083002062015
2025-12-23T17:42:45.930006,GAT,18,1,128,3,4,0.3,0.001,0.0,0.5203199571442486,0.2908001022943808,0.9366903671958703,1.850711015876108,1.3604084003989787,0.5215485756026297,0.29185178212039975,0.9355734112490869,1.8498173849525201,1.3600799185902717,0.5196353436185134,0.290559004055227,0.9390291413433068,1.8563581112669472,1.3624823342953651
2025-12-23T17:42:47.160968,GAT,18,2,128,3,4,0.3,0.001,0.0,0.5019905767193835,0.25828487378026194,0.9856459330143541,1.9609189524818291,1.4003281588548553,0.4968590211833455,0.2553376964702195,0.9951789627465303,1.9792549306062819,1.4068599541554525,0.49952274276809194,0.255759727745834,0.9904548553618389,1.9704100516217007,1.4037129520032579
2025-12-23T17:42:53.554384,GAT,19,0,128,3,4,0.3,0.001,0.0005,0.5697501704490114,0.37891529168769816,0.8604387844550502,1.7208166942631733,1.3117990296776307,0.5617238860482103,0.37375176642370067,0.8762600438276114,1.752227903579255,1.3237174560982623,0.5654121863799283,0.37611625938565735,0.8690392706872371,1.7379421848215677,1.3183103522393989
2025-12-23T17:42:55.918618,GAT,19,1,128,3,4,0.3,0.001,0.0005,0.5281119119509107,0.33969604708705764,0.9132049284114152,1.795838609136067,1.3400890303021165,0.532554175797419,0.3435152284331951,0.905673240808376,1.7821280740199659,1.3349636976412378,0.5285569580800997,0.3394666920642835,0.9142122487143525,1.7997506623032569,1.341547860608505
2025-12-23T17:42:58.023060,GAT,19,2,128,3,4,0.3,0.001,0.0005,0.4882817731351279,0.22184874064516058,0.9909541375993767,1.9494259590683858,1.3962184496232621,0.4878013148283419,0.22179000771955218,0.9915753591429267,1.9503287070854638,1.3965416954339258,0.4881270088633486,0.2217529529179616,0.9919937664361547,1.9522353170351612,1.3972241470269404
2025-12-23T17:43:02.013666,GAT,20,0,128,3,4,0.5,0.0005,0.0,0.5239237362423298,0.3126246940145885,0.9253311580792831,1.823840946722509,1.3504965556129749,0.5270513757000244,0.31560888803075743,0.9206233260287314,1.815972729486243,1.3475803239459394,0.5222066386161758,0.31158744516194287,0.9292309490416082,1.8321061243571763,1.3535531479617549
2025-12-23T17:43:05.998628,GAT,20,1,128,3,4,0.5,0.0005,0.0,0.5406764390766533,0.36050694387322385,0.89223970000974,1.7580719781825265,1.3259230664644637,0.5413196980764549,0.3613636670701701,0.8899439980521061,1.7524713903092282,1.3238094237122005,0.5401472650771388,0.35989452209081313,0.892901667445847,1.7589995324918186,1.3262727971619634
2025-12-23T17:43:09.232420,GAT,20,2,128,3,4,0.5,0.0005,0.0,0.5126069858894287,0.28337332049441044,0.9504121163422088,1.8764503208054835,1.3698358736744645,0.5100560019478938,0.2821328151723801,0.9535427319211103,1.8807401996591186,1.3714008165591556,0.5103146001753189,0.2825051317698667,0.9522353170351612,1.8773351514561216,1.3701588051959968
2025-12-23T17:43:10.459885,GAT,21,0,128,3,4,0.5,0.0005,0.0005,0.5145125158274082,0.262340586716179,0.9708775689101004,1.9416577383851175,1.3934337940444523,0.5136109082055028,0.3907015055820868,0.9727781835889944,1.9455563671779887,1.3948320211330067,0.5144537946080723,0.2621960534009659,0.9710339722611813,1.9420095059996882,1.3935600116247913
2025-12-23T17:43:12.063654,GAT,21,1,128,3,4,0.5,0.0005,0.0005,0.49324291419109767,0.2296447717072089,1.0023010616538424,1.9933890133437226,1.4118742909139335,0.49237886535183834,0.2284877855843649,1.0038957876795715,1.996445093742391,1.412956154217954,0.49310425432445065,0.22980009759598805,1.0022985818918497,1.9931042543244506,1.4117734429873834
2025-12-23T17:43:13.542701,GAT,21,2,128,3,4,0.5,0.0005,0.0005,0.49984781523552113,0.33406451426738376,1.0003043695289577,2.0006087390579155,1.414428767756763,0.49973216459702946,0.2227183461412423,1.0004869734599464,2.000925249573898,1.414540649671793,0.49973702152527516,0.22286040023494413,1.0004869971754164,2.0009350345767993,1.4145441083885646
2025-12-23T17:43:19.909525,GAT,22,0,128,3,4,0.5,0.001,0.0,0.5810972046362131,0.3854311910784351,0.8377934157981883,1.6755746566669913,1.2944399007551457,0.5761869978086195,0.3822023963672024,0.8475286096907718,1.6949598246895545,1.301906227302702,0.5715677107682717,0.3791352159969604,0.8568256194483403,1.7136122798815645,1.3090501441432885
2025-12-23T17:43:21.762201,GAT,22,1,128,3,4,0.5,0.001,0.0,0.4897121846693289,0.27588643041973165,1.000474822246031,1.9808488360767507,1.4074263163934198,0.4828341855368882,0.27068448354674146,1.013927440954468,2.0074506939371806,1.4168453316919178,0.48724092254947793,0.2737640003033102,1.0064671965092722,1.9938834346267726,1.4120493740045965
2025-12-23T17:43:22.991207,GAT,22,2,128,3,4,0.5,0.001,0.0,0.507177033492823,0.24577720826283575,0.9763200506470896,1.9433142189269148,1.394028055286878,0.5058193328463598,0.24428196851126657,0.9773070367664962,1.9435597759922085,1.3941161271544809,0.5060290250316548,0.244919697619712,0.9787474432648291,1.948300379857797,1.395815310081458
2025-12-23T17:43:24.347809,GAT,23,0,128,3,4,0.5,0.001,0.0005,0.49839290932112595,0.2280134316282643,0.9912827505600468,1.9706340703223921,1.4037927447890561,0.4979303627952277,0.2271132756112285,0.9924519113708303,1.9732164597029462,1.4047122337699443,0.49826632382733366,0.2287011697983278,0.9905719183419043,1.9682484026803801,1.402942765290295
2025-12-23T17:43:30.719497,GAT,23,1,128,3,4,0.5,0.001,0.0005,0.5594136554007987,0.3706600447139979,0.8811118145514756,1.762162754456024,1.327464784638758,0.563963963963964,0.37339890215794047,0.8719259800340882,1.7437058680301925,1.3204945543356823,0.5540361539660278,0.3670527791726568,0.8918302945301543,1.7835631915225183,1.3355011012809082
2025-12-23T17:43:37.096693,GAT,23,2,128,3,4,0.5,0.001,0.0005,0.5605999732154815,0.3622159643057206,0.878678305757454,1.7572348637033248,1.3256073565363633,0.5550523496469443,0.35887562220377256,0.8897005113221329,1.7792062332602874,1.3338688965787782,0.5580598032531411,0.3606615819084875,0.8836271549625012,1.7670010713937858,1.3292859253726361
2025-12-23T17:43:39.251414,GAT,24,0,128,3,8,0.3,0.0005,0.0,0.49600662316158567,0.22178127271094128,0.9989164312846985,1.988762540177267,1.410234923754644,0.4952033114195276,0.22156132209076848,0.9996104212320428,1.9892378865351839,1.4104034481435388,0.4963962911017609,0.22190293324973767,0.9984805984104722,1.9882343774349385,1.4100476507674975
2025-12-23T17:43:41.401644,GAT,24,1,128,3,8,0.3,0.0005,0.0,0.4999513002824584,0.33331168831168834,1.0000973994350832,2.0001947988701665,1.4142824324971892,0.49992695398100806,0.33330086685497223,1.0001460920379839,2.0002921840759678,1.414316861271182,0.4999610409848839,0.22221356432600445,1.000058438522674,2.00009739753779,1.414247997183588
2025-12-23T17:43:45.347002,GAT,24,2,128,3,8,0.3,0.0005,0.0,0.47967420285620366,0.2575595060208498,1.0213058670270403,2.023266006793528,1.4224155534841174,0.4740199659118578,0.25347306148425874,1.0317506695885075,2.043291940589238,1.429437630884691,0.4789714619655206,0.2582835795787164,1.0216031947014708,2.0227525080354534,1.4222350396595682
2025-12-23T17:43:48.622343,GAT,25,0,128,3,8,0.3,0.0005,0.0005,0.4999513002824584,0.33331168831168834,1.0000973994350832,2.0001947988701665,1.4142824324971892,0.49997565132700267,0.33332251152522563,1.0000486973459946,2.000097394691989,1.4142479961774699,0.4999415614773259,0.33330735964467995,1.0001168770453484,2.0002337540906967,1.4142962045097542
2025-12-23T17:43:51.671978,GAT,25,1,128,3,8,0.3,0.0005,0.0005,0.5000486997175416,0.33335497694954874,0.9999026005649168,1.9998052011298335,1.4141446888949636,0.5000730460189919,0.3333657966497857,0.9998539079620161,1.9997078159240322,1.4141102559291592,0.5000389590151161,0.3333506480014544,0.9999220819697678,1.9998441639395357,1.4141584649322492
2025-12-23T17:43:54.280724,GAT,25,2,128,3,8,0.3,0.0005,0.0005,0.49995738826594593,0.33331439424684667,1.0000852234681081,2.0001704469362163,1.4142738231814291,0.49992695398100806,0.33330086685497223,1.0001460920379839,2.0002921840759678,1.414316861271182,0.4999513002824584,0.33331168831168834,1.0000973994350832,2.0001947988701665,1.4142824324971892
2025-12-23T17:43:57.333225,GAT,26,0,128,3,8,0.3,0.001,0.0,0.4798504918671472,0.22397448133278916,1.006452712574267,1.9790591214570956,1.406790361588071,0.4772339907475043,0.2231531557791193,1.0100316532748965,1.9845629413196981,1.408745165500027,0.4781439925198691,0.22277907121402277,1.0088826554464703,1.9829359513791491,1.408167586396999
2025-12-23T17:43:59.489875,GAT,26,1,128,3,8,0.3,0.001,0.0,0.49349858770819127,0.22191198852500302,0.9955196259861693,1.9735560533748904,1.4048331051676175,0.4941806671536401,0.22214925242442152,0.9945945945945946,1.972145118091064,1.4043308435304922,0.49257830762038335,0.2216029340238981,0.9966690042075736,1.9751636278634876,1.4054051472310352
2025-12-23T17:44:01.646556,GAT,26,2,128,3,8,0.3,0.001,0.0,0.4960736330764455,0.2562937044451213,0.9956049040018505,1.9789619781584427,1.4067558345919318,0.4939858777696616,0.2558729747179279,0.9981495008522036,1.9824202580959338,1.407984466567701,0.495393006720561,0.25573010266225155,0.9966494594331353,1.980734391740528,1.4073856584961095
2025-12-23T17:44:04.714041,GAT,27,0,128,3,8,0.3,0.001,0.0005,0.5000365247881562,0.22223845546140275,0.9998782507061459,1.9997078016947503,1.4141102508979808,0.5000243486729973,0.33334415479011786,0.9999513026540053,1.9999026053080107,1.4141791277302924,0.5000584385226742,0.3333593049982469,0.9998831229546518,1.9997662459093035,1.4141309154068105
2025-12-23T17:44:06.876643,GAT,27,1,128,3,8,0.3,0.001,0.0005,0.4999513002824584,0.33331168831168834,1.0000973994350832,2.0001947988701665,1.4142824324971892,0.49992695398100806,0.33330086685497223,1.0001460920379839,2.0002921840759678,1.414316861271182,0.4999610409848839,0.3333160177657723,1.0000779180302322,2.0001558360604643,1.4142686576674406
2025-12-23T17:44:09.031973,GAT,27,2,128,3,8,0.3,0.001,0.0005,0.5000426117340541,0.3333522713438142,0.9999147765318919,1.9998295530637837,1.4141532989968888,0.5000730460189919,0.3333657966497857,0.9998539079620161,1.9997078159240322,1.4141102559291592,0.5000486997175416,0.33335497694954874,0.9999026005649168,1.9998052011298335,1.4141446888949636
2025-12-23T17:44:12.088303,GAT,28,0,128,3,8,0.5,0.0005,0.0,0.49344988799064965,0.22175897048685203,0.9964936203370021,1.9763806369923054,1.4058380550377434,0.4932554175797419,0.22163143844908317,0.9971755539323107,1.9780374969564158,1.4064272099744146,0.4930263362942185,0.2217257993867718,0.9962794140564126,1.974890914757675,1.4053081209320877
2025-12-23T17:44:14.242218,GAT,28,1,128,3,8,0.5,0.0005,0.0,0.4999513002824584,0.33331168831168834,1.0000973994350832,2.0001947988701665,1.4142824324971892,0.49992695398100806,0.33330086685497223,1.0001460920379839,2.0002921840759678,1.414316861271182,0.4999610409848839,0.3333160177657723,1.0000779180302322,2.0001558360604643,1.4142686576674406
2025-12-23T17:44:20.210853,GAT,28,2,128,3,8,0.5,0.0005,0.0,0.494990077553356,0.25098161557375215,0.9727528397677052,1.9082386744098274,1.381390123900496,0.49705381056732406,0.2533276559857305,0.9665936206476747,1.8938884830776723,1.3761862094490238,0.49463329112691146,0.2515503952800342,0.9720658420181163,1.9054641083081718,1.380385492646229
2025-12-23T17:44:22.366289,GAT,29,0,128,3,8,0.5,0.0005,0.0005,0.4999513002824584,0.33331168831168834,1.0000973994350832,2.0001947988701665,1.4142824324971892,0.49997565132700267,0.33332251152522563,1.0000486973459946,2.000097394691989,1.4142479961774699,0.4999415614773259,0.33330735964467995,1.0001168770453484,2.0002337540906967,1.4142962045097542
2025-12-23T17:44:24.518014,GAT,29,1,128,3,8,0.5,0.0005,0.0005,0.4999513002824584,0.33331168831168834,1.0000973994350832,2.0001947988701665,1.4142824324971892,0.49992695398100806,0.33330086685497223,1.0001460920379839,2.0002921840759678,1.414316861271182,0.4999610409848839,0.3333160177657723,1.0000779180302322,2.0001558360604643,1.4142686576674406
2025-12-23T17:44:26.667579,GAT,29,2,128,3,8,0.5,0.0005,0.0005,0.49995738826594593,0.33331439424684667,1.0000852234681081,2.0001704469362163,1.4142738231814291,0.49992695398100806,0.33330086685497223,1.0001460920379839,2.0002921840759678,1.414316861271182,0.4999513002824584,0.33331168831168834,1.0000973994350832,2.0001947988701665,1.4142824324971892
2025-12-23T17:44:30.616732,GAT,30,0,128,3,8,0.5,0.001,0.0,0.4767702347326386,0.2546892424634676,1.0041151261322685,1.9658858478620824,1.402100512752949,0.479863647431215,0.2570915330128238,0.9988312636961285,1.9562210859508158,1.3986497366927917,0.47752064827801155,0.25466182440071866,1.0037790244662614,1.9663783699548076,1.4022761389807672
2025-12-23T17:44:38.829949,GAT,30,1,128,3,8,0.5,0.001,0.0,0.5443167429628908,0.3203072555364262,0.908858478620824,1.8152089217882537,1.3472968944476393,0.5383491599707816,0.3166846447703593,0.9196006817628439,1.835500365230095,1.354806394002514,0.5408874863643447,0.3177498517815313,0.9146992364033038,1.8258726819386006,1.3512485640838257
2025-12-23T17:44:41.207486,GAT,30,2,128,3,8,0.5,0.001,0.0,0.48554244737450847,0.22732072828669345,1.0091676102122065,1.9985877253856361,1.4137141597174572,0.4855612369125883,0.22741814822133818,1.0102751400048697,2.0019478938397857,1.4149020792407458,0.48510762637576704,0.22685871830422996,1.0100126619265608,2.0002532385312164,1.4143030928804534
2025-12-23T17:44:43.600022,GAT,31,0,128,3,8,0.5,0.001,0.0005,0.5000486997175416,0.33335497694954874,0.9999026005649168,1.9998052011298335,1.4141446888949636,0.5000243486729973,0.33334415479011786,0.9999513026540053,1.9999026053080107,1.4141791277302924,0.5000584385226742,0.3333593049982469,0.9998831229546518,1.9997662459093035,1.4141309154068105
2025-12-23T17:44:45.754929,GAT,31,1,128,3,8,0.5,0.001,0.0005,0.5000486997175416,0.33335497694954874,0.9999026005649168,1.9998052011298335,1.4141446888949636,0.5000730460189919,0.3333657966497857,0.9998539079620161,1.9997078159240322,1.4141102559291592,0.5000389590151161,0.3333506480014544,0.9999220819697678,1.9998441639395357,1.4141584649322492
2025-12-23T17:44:52.624647,GAT,31,2,128,3,8,0.5,0.001,0.0005,0.49489267930408953,0.22204378166523275,0.9960675456858663,1.977987995665778,1.4064096116230784,0.493791088385683,0.22169022398583282,0.9972729486242999,1.979401022644266,1.4069118745124962,0.4944774520307782,0.22196257548493473,0.9962988214668355,1.9778513684620629,1.4063610377360654
2025-12-23T17:44:55.714138,GAT,32,0,128,4,4,0.3,0.0005,0.0,0.4895173857991624,0.25134579149527647,1.0098860426609526,2.0086928995811824,1.4172836341329784,0.488190893596299,0.2502471855461402,1.0126613099586073,2.01436571706842,1.4192835224395512,0.48507869721053454,0.24766139933480802,1.0184470936574723,2.0254986753934863,1.4232001529628524
2025-12-23T17:44:59.454769,GAT,32,1,128,4,4,0.3,0.0005,0.0,0.49616489724359597,0.24170294762944844,0.9837586441998636,1.9436057270867828,1.3941326074254137,0.49758948137326514,0.2428240793966124,0.9814463111760409,1.939517896274653,1.3926657518136407,0.4962794140564126,0.24264151087449282,0.9823515661524077,1.9396135265700483,1.392700084932161
2025-12-23T17:45:01.054995,GAT,32,2,128,4,4,0.3,0.0005,0.0,0.49995738826594593,0.33331439424684667,1.0000852234681081,2.0001704469362163,1.4142738231814291,0.49992695398100806,0.33330086685497223,1.0001460920379839,2.0002921840759678,1.414316861271182,0.4999513002824584,0.33331168831168834,1.0000973994350832,2.0001947988701665,1.4142824324971892
2025-12-23T17:45:02.656368,GAT,33,0,128,4,4,0.3,0.0005,0.0005,0.5000486997175416,0.33335497694954874,0.9999026005649168,1.9998052011298335,1.4141446888949636,0.5000243486729973,0.33334415479011786,0.9999513026540053,1.9999026053080107,1.4141791277302924,0.5000584385226742,0.3333593049982469,0.9998831229546518,1.9997662459093035,1.4141309154068105
2025-12-23T17:45:06.571761,GAT,33,1,128,4,4,0.3,0.0005,0.0005,0.49057660465569297,0.2203103941300134,1.0033968052985294,1.9913436252069738,1.4111497529344552,0.4898466033601169,0.21987606151021344,1.005600194789384,1.9964937910883858,1.412973386546394,0.49010441016051115,0.22014559708805825,1.0040127785569581,1.9922471559918966,1.4114698565650974
2025-12-23T17:45:11.141952,GAT,33,2,128,4,4,0.3,0.0005,0.0005,0.4997869413297296,0.2475587076549489,0.9802038058365901,1.9401853001692295,1.3929053450142366,0.49905040175310444,0.24778382651976608,0.9803262722181642,1.9390796201607012,1.3925083914148242,0.4971267166650433,0.2455982368266694,0.9848251680140255,1.9487289373721632,1.395968816762095
2025-12-23T17:45:13.897281,GAT,34,0,128,4,4,0.3,0.001,0.0,0.4927437420862959,0.2223313505628165,0.9934985877081913,1.9659832472971657,1.4021352457224536,0.491745799853908,0.22229323485290675,0.9943511078646213,1.96654492330168,1.4023355245096232,0.4920913199314321,0.22228523899967115,0.9940392706872371,1.9663004519245753,1.402248356007086
2025-12-23T17:45:18.968312,GAT,34,1,128,4,4,0.3,0.001,0.0,0.5012296678679263,0.23182783731974602,0.9974554397584494,1.994825655011201,1.412382970377086,0.5005113221329438,0.23086490951479166,0.9988799610421232,1.997662527392257,1.4133868993988365,0.5010713729156927,0.2317999355438475,0.9977793361383824,1.9954807542465327,1.4126148640894773
2025-12-23T17:45:21.225925,GAT,34,2,128,4,4,0.3,0.001,0.0,0.48624858468169035,0.21956210957536806,1.0048699124633236,1.987106906753351,1.4096477952855284,0.486827367908449,0.21984657081995237,1.0031166301436572,1.9830046262478696,1.4081919706658852,0.4867634167721827,0.21986849335532513,1.0034284601149313,1.9838122138891594,1.4084786877653348
2025-12-23T17:45:22.825794,GAT,35,0,128,4,4,0.3,0.001,0.0005,0.4999513002824584,0.33331168831168834,1.0000973994350832,2.0001947988701665,1.4142824324971892,0.49997565132700267,0.33332251152522563,1.0000486973459946,2.000097394691989,1.4142479961774699,0.4999415614773259,0.33330735964467995,1.0001168770453484,2.0002337540906967,1.4142962045097542
2025-12-23T17:45:24.425885,GAT,35,1,128,4,4,0.3,0.001,0.0005,0.4999513002824584,0.33331168831168834,1.0000973994350832,2.0001947988701665,1.4142824324971892,0.49992695398100806,0.33330086685497223,1.0001460920379839,2.0002921840759678,1.414316861271182,0.4999610409848839,0.3333160177657723,1.0000779180302322,2.0001558360604643,1.4142686576674406
2025-12-23T17:45:26.025521,GAT,35,2,128,4,4,0.3,0.001,0.0005,0.49995738826594593,0.33331439424684667,1.0000852234681081,2.0001704469362163,1.4142738231814291,0.49992695398100806,0.33330086685497223,1.0001460920379839,2.0002921840759678,1.414316861271182,0.4999513002824584,0.33331168831168834,1.0000973994350832,2.0001947988701665,1.4142824324971892
2025-12-23T17:45:29.111745,GAT,36,0,128,4,4,0.5,0.0005,0.0,0.49544657640985684,0.2239750118758352,1.00148534138502,1.9953491769747735,1.4125682910835757,0.4957389822254687,0.22392549292858702,1.0017044071098125,1.9965911857803749,1.4130078505728036,0.49516908212560384,0.22399341337962733,1.0013051270063893,1.9942535452703756,1.41218042235062
2025-12-23T17:45:31.535264,GAT,36,1,128,4,4,0.5,0.0005,0.0,0.4985633583325217,0.2221605878399139,0.9993060290250316,1.9950448037401383,1.4124605494455902,0.49900170440710984,0.22225823437692493,0.9990747504261018,1.995227660092525,1.4125252776826773,0.49873383200872684,0.22226528693440376,0.9991039426523297,1.9947794919744428,1.4123666280305702
2025-12-23T17:45:34.949902,GAT,36,2,128,4,4,0.5,0.0005,0.0,0.5026114905584572,0.2384959539841567,0.9875938979996834,1.9680046751159648,1.402855899626175,0.5023131239347456,0.23847293826259683,0.9880204528853177,1.9686876065254444,1.4030992860540712,0.5026784844647901,0.2391153644786176,0.9863445992013247,1.964390766533554,1.401567253660542
2025-12-23T17:45:36.552205,GAT,37,0,128,4,4,0.5,0.0005,0.0005,0.4999513002824584,0.33331168831168834,1.0000973994350832,2.0001947988701665,1.4142824324971892,0.49997565132700267,0.33332251152522563,1.0000486973459946,2.000097394691989,1.4142479961774699,0.4999415614773259,0.33330735964467995,1.0001168770453484,2.0002337540906967,1.4142962045097542
2025-12-23T17:45:38.151211,GAT,37,1,128,4,4,0.5,0.0005,0.0005,0.4999513002824584,0.33331168831168834,1.0000973994350832,2.0001947988701665,1.4142824324971892,0.49992695398100806,0.33330086685497223,1.0001460920379839,2.0002921840759678,1.414316861271182,0.4999610409848839,0.3333160177657723,1.0000779180302322,2.0001558360604643,1.4142686576674406
2025-12-23T17:45:39.916374,GAT,37,2,128,4,4,0.5,0.0005,0.0005,0.5000182621717375,0.3334712761514567,0.9999634756565251,1.9999269513130502,1.4141877355263162,0.49997565132700267,0.33340905929513526,1.0000486973459946,2.000097394691989,1.4142479961774699,0.49999026005649166,0.3334328661476828,1.0000194798870166,2.000038959774033,1.414227336666221
2025-12-23T17:45:41.515721,GAT,38,0,128,4,4,0.5,0.001,0.0,0.4974797896172202,0.22170135073912203,1.0010348689977597,1.99806418622772,1.413528983158011,0.49749208668127587,0.22176635950202425,1.0005843681519357,1.996737277818359,1.413059545036358,0.49750662303256976,0.22172448518942944,1.0009155368552283,1.9977598566308243,1.4134213301881446
2025-12-23T17:45:49.716208,GAT,38,1,128,4,4,0.5,0.001,0.0,0.5116270575630661,0.40165243398962347,0.9767458848738677,1.9534917697477354,1.3976736993117298,0.5143900657414171,0.4020441441966106,0.9712198685171658,1.9424397370343316,1.3937143670904493,0.5109864422627396,0.4018760983702756,0.9780271154745208,1.9560542309490416,1.3985900868192374
2025-12-23T17:45:51.311607,GAT,38,2,128,4,4,0.5,0.001,0.0,0.5101476800954503,0.26850826146093265,0.9764417984586727,1.9496207555669187,1.3962882064842197,0.5121986851716581,0.2695417868576528,0.9725833942050158,1.9421475529583638,1.3936095410689335,0.5093990454855362,0.2680479163950616,0.9774422908347131,1.951124963475212,1.3968267478378311
2025-12-23T17:45:53.575413,GAT,39,0,128,4,4,0.5,0.001,0.0005,0.4984903087562092,0.22216072794752006,0.9988555566377715,1.993547287425733,1.411930340854581,0.497881665449233,0.22190389373616357,1.0,1.9957633308984661,1.4127148795487596,0.4982078853046595,0.2220399091907472,0.9993766557581424,1.9945457378837463,1.4122838729815428
2025-12-23T17:45:55.178364,GAT,39,1,128,4,4,0.5,0.001,0.0005,0.5000486997175416,0.33335497694954874,0.9999026005649168,1.9998052011298335,1.4141446888949636,0.5000730460189919,0.3333657966497857,0.9998539079620161,1.9997078159240322,1.4141102559291592,0.5000389590151161,0.3333506480014544,0.9999220819697678,1.9998441639395357,1.4141584649322492
2025-12-23T17:45:58.097057,GAT,39,2,128,4,4,0.5,0.001,0.0005,0.48831829747860284,0.2231885395178578,1.0045168438097325,1.9901871263864033,1.4107399215966079,0.48721694667640614,0.22220214918843503,1.006281957633309,1.9932797662527393,1.4118356017089027,0.4875036524788156,0.22295038952119087,1.0054933281386969,1.9914872893737217,1.4112006552484737
2025-12-23T17:46:03.310729,GAT,40,0,128,4,8,0.3,0.0005,0.0,0.48775202103827797,0.22146120614598794,0.9927315671569105,1.9536987435472875,1.397747739596558,0.4883369856342829,0.22185349881639785,0.9907475042610178,1.948916484051619,1.3960359895259216,0.4877084307308711,0.22141157951520618,0.9930068567866605,1.9544374318217235,1.3980119569666503
2025-12-23T17:46:06.139587,GAT,40,1,128,4,8,0.3,0.0005,0.0,0.4999513002824584,0.33331168831168834,1.0000973994350832,2.0001947988701665,1.4142824324971892,0.49992695398100806,0.33330086685497223,1.0001460920379839,2.0002921840759678,1.414316861271182,0.4999610409848839,0.3333160177657723,1.0000779180302322,2.0001558360604643,1.4142686576674406
2025-12-23T17:46:08.967957,GAT,40,2,128,4,8,0.3,0.0005,0.0,0.49995738826594593,0.33331439424684667,1.0000852234681081,2.0001704469362163,1.4142738231814291,0.49992695398100806,0.33330086685497223,1.0001460920379839,2.0002921840759678,1.414316861271182,0.4999513002824584,0.33331168831168834,1.0000973994350832,2.0001947988701665,1.4142824324971892
2025-12-23T17:46:11.798199,GAT,41,0,128,4,8,0.3,0.0005,0.0005,0.4999513002824584,0.33331168831168834,1.0000973994350832,2.0001947988701665,1.4142824324971892,0.49997565132700267,0.33332251152522563,1.0000486973459946,2.000097394691989,1.4142479961774699,0.4999415614773259,0.33330735964467995,1.0001168770453484,2.0002337540906967,1.4142962045097542
2025-12-23T17:46:14.626309,GAT,41,1,128,4,8,0.3,0.0005,0.0005,0.4999513002824584,0.33331168831168834,1.0000973994350832,2.0001947988701665,1.4142824324971892,0.49992695398100806,0.33330086685497223,1.0001460920379839,2.0002921840759678,1.414316861271182,0.4999610409848839,0.3333160177657723,1.0000779180302322,2.0001558360604643,1.4142686576674406
2025-12-23T17:46:17.456691,GAT,41,2,128,4,8,0.3,0.0005,0.0005,0.49995738826594593,0.33331439424684667,1.0000852234681081,2.0001704469362163,1.4142738231814291,0.49992695398100806,0.33330086685497223,1.0001460920379839,2.0002921840759678,1.414316861271182,0.4999513002824584,0.33331168831168834,1.0000973994350832,2.0001947988701665,1.4142824324971892
2025-12-23T17:46:20.288238,GAT,42,0,128,4,8,0.3,0.001,0.0,0.49354728742573295,0.22081865993392544,1.0030072075581962,1.9961161975260544,1.4128397635705383,0.4937423910396883,0.2207994425026405,1.0033114195276358,1.9974190406622838,1.4133007608652461,0.4933185289075892,0.22079529899999129,1.0029414056412653,1.9954612747389746,1.4126079692324316
2025-12-23T17:46:23.114946,GAT,42,1,128,4,8,0.3,0.001,0.0,0.4964570955488458,0.22205984809876392,0.9982589850978865,1.987691146391351,1.409855008996085,0.49724859995130266,0.22240933003331817,0.9972729486242999,1.9863160457755051,1.4093672501429515,0.49731182795698925,0.22241801933731273,0.9973313074645473,1.9866175783076203,1.409474220518992
2025-12-23T17:46:25.947246,GAT,42,2,128,4,8,0.3,0.001,0.0,0.48963317384370014,0.2200716845878136,1.0040298525634002,1.9913559053776009,1.4111541040501567,0.4888239590942294,0.21975568107185076,1.0053567080594108,1.993718042366691,1.411990808173584,0.4890036037790981,0.21990372696652347,1.004519333787864,1.9915652089217883,1.411228262515242
2025-12-23T17:46:28.776488,GAT,43,0,128,4,8,0.3,0.001,0.0005,0.5000486997175416,0.33335497694954874,0.9999026005649168,1.9998052011298335,1.4141446888949636,0.5000243486729973,0.33334415479011786,0.9999513026540053,1.9999026053080107,1.4141791277302924,0.5000584385226742,0.3333593049982469,0.9998831229546518,1.9997662459093035,1.4141309154068105
2025-12-23T17:46:31.604303,GAT,43,1,128,4,8,0.3,0.001,0.0005,0.5000486997175416,0.33335497694954874,0.9999026005649168,1.9998052011298335,1.4141446888949636,0.5000730460189919,0.3333657966497857,0.9998539079620161,1.9997078159240322,1.4141102559291592,0.5000389590151161,0.3333506480014544,0.9999220819697678,1.9998441639395357,1.4141584649322492
2025-12-23T17:46:34.433128,GAT,43,2,128,4,8,0.3,0.001,0.0005,0.49995738826594593,0.33331439424684667,1.0000852234681081,2.0001704469362163,1.4142738231814291,0.49992695398100806,0.33330086685497223,1.0001460920379839,2.0002921840759678,1.414316861271182,0.4999513002824584,0.33331168831168834,1.0000973994350832,2.0001947988701665,1.4142824324971892
2025-12-23T17:46:42.631883,GAT,44,0,128,4,8,0.5,0.0005,0.0,0.4641083081718126,0.31521171122684294,1.0349420473361255,2.0330427583520017,1.425848083896739,0.4606281957633309,0.313087242658797,1.0404187971755539,2.0425127830533234,1.4291650650128989,0.4575736325385694,0.3110360533066339,1.0463417484805984,2.054172510518934,1.4332384695224079
2025-12-23T17:46:45.477427,GAT,44,1,128,4,8,0.5,0.0005,0.0,0.4999513002824584,0.33331168831168834,1.0000973994350832,2.0001947988701665,1.4142824324971892,0.49992695398100806,0.33330086685497223,1.0001460920379839,2.0002921840759678,1.414316861271182,0.4999610409848839,0.3333160177657723,1.0000779180302322,2.0001558360604643,1.4142686576674406
2025-12-23T17:46:50.688658,GAT,44,2,128,4,8,0.5,0.0005,0.0,0.49311516125497645,0.2218552296442363,0.9955196805337424,1.97278936411118,1.4045602030924769,0.49306062819576335,0.2219591595146493,0.9947406866325785,1.9703433162892623,1.403689180797965,0.492626862764196,0.22152727591266452,0.9972143761566183,1.9768968539982468,1.4060216406578694
2025-12-23T17:46:53.519481,GAT,45,0,128,4,8,0.5,0.0005,0.0005,0.0,0.0,1.0,1.0,1.0,0.0,0.0,1.0,1.0,1.0,0.0,0.0,1.0,1.0,1.0
2025-12-23T17:46:56.350086,GAT,45,1,128,4,8,0.5,0.0005,0.0005,0.5000486997175416,0.33335497694954874,0.9999026005649168,1.9998052011298335,1.4141446888949636,0.5000730460189919,0.3333657966497857,0.9998539079620161,1.9997078159240322,1.4141102559291592,0.5000389590151161,0.3333506480014544,0.9999220819697678,1.9998441639395357,1.4141584649322492
2025-12-23T17:46:59.180024,GAT,45,2,128,4,8,0.5,0.0005,0.0005,0.49995738826594593,0.33331439424684667,1.0000852234681081,2.0001704469362163,1.4142738231814291,0.49992695398100806,0.33330086685497223,1.0001460920379839,2.0002921840759678,1.414316861271182,0.4999513002824584,0.33331168831168834,1.0000973994350832,2.0001947988701665,1.4142824324971892
2025-12-23T17:47:02.007683,GAT,46,0,128,4,8,0.5,0.001,0.0,0.501217492938541,0.23046357445408192,0.9963596961137625,1.9915140742183695,1.411210145307342,0.500754808862917,0.2296272237869422,0.9969807645483321,1.9924519113708303,1.4115423873801418,0.5011882499610409,0.22995286672771856,0.996396291101761,1.9915653732273648,1.4112283207289191
2025-12-23T17:47:07.217265,GAT,46,1,128,4,8,0.5,0.001,0.0,0.4898704587513392,0.221731762760901,0.9930724651797019,1.9589583130417842,1.3996279194992447,0.49072315558802043,0.22211201481187595,0.9913805697589482,1.9555880204528853,1.3984234052864266,0.48963690197911797,0.22186915227906648,0.9919354838709677,1.955080255571139,1.398241844450072
2025-12-23T17:47:10.938948,GAT,46,2,128,4,8,0.5,0.001,0.0,0.4826813738023059,0.21855447323884655,1.0070248487283442,1.9864372937896442,1.409410264539621,0.4813732651570489,0.21824805431362806,1.0077428780131483,1.9859751643535428,1.4092463107468272,0.4810168501022694,0.21808595198982564,1.0084347910782117,1.9873380734391741,1.4097297873845094
2025-12-23T17:47:15.557173,GAT,47,0,128,4,8,0.5,0.001,0.0005,0.5000486997175416,0.33335497694954874,0.9999026005649168,1.9998052011298335,1.4141446888949636,0.5000243486729973,0.33334415479011786,0.9999513026540053,1.9999026053080107,1.4141791277302924,0.5000584385226742,0.3333593049982469,0.9998831229546518,1.9997662459093035,1.4141309154068105
2025-12-23T17:47:18.386886,GAT,47,1,128,4,8,0.5,0.001,0.0005,0.5000486997175416,0.33335497694954874,0.9999026005649168,1.9998052011298335,1.4141446888949636,0.5000730460189919,0.3333657966497857,0.9998539079620161,1.9997078159240322,1.4141102559291592,0.5000389590151161,0.3333506480014544,0.9999220819697678,1.9998441639395357,1.4141584649322492
2025-12-23T17:47:21.214914,GAT,47,2,128,4,8,0.5,0.001,0.0005,0.5000426117340541,0.3333522713438142,0.9999147765318919,1.9998295530637837,1.4141532989968888,0.5000730460189919,0.3333657966497857,0.9998539079620161,1.9997078159240322,1.4141102559291592,0.5000486997175416,0.33335497694954874,0.9999026005649168,1.9998052011298335,1.4141446888949636
2025-12-23T17:47:29.397298,GAT,48,0,256,2,4,0.3,0.0005,0.0,0.5953540469465277,0.39712569181503826,0.8064916723483003,1.6101831109379565,1.268929907811285,0.5775018261504749,0.3855695599607601,0.8403214024835647,1.6759678597516436,1.2945917733987202,0.5814438211002025,0.38821903432632315,0.832398316970547,1.6600825931120462,1.2884419246174994
2025-12-23T17:47:31.819499,GAT,48,1,256,2,4,0.3,0.0005,0.0,0.5489553910587318,0.3449853598193034,0.8829502288886725,1.7467614687834812,1.3216510389597858,0.5474555636717799,0.3440834939676028,0.8847333820306793,1.7491112734355978,1.322539705806823,0.5446665108306062,0.3411221000437062,0.8903108929406265,1.7602657004830917,1.3267500520004105
2025-12-23T17:47:34.079309,GAT,48,2,256,2,4,0.3,0.0005,0.0,0.5334015121078198,0.3237473112113019,0.9094561525256584,1.7951714817926148,1.3398400956056715,0.5339663988312637,0.32460446264821063,0.9078159240321403,1.7913805697589482,1.3384246597246139,0.533709944482322,0.3243449301296755,0.9072757378007208,1.7892471023668062,1.3376274153764964
2025-12-23T17:47:36.686599,GAT,49,0,256,2,4,0.3,0.0005,0.0005,0.5402381416187786,0.3445858771307176,0.8865296581279829,1.7400652576215059,1.3191153314329669,0.5291940589237887,0.33752885136071065,0.9078159240321403,1.781835889943998,1.3348542579412923,0.53823827333645,0.343291262479623,0.8901940158952781,1.7470585943587347,1.3217634411492605
2025-12-23T17:47:39.913029,GAT,49,1,256,2,4,0.3,0.0005,0.0005,0.5383875523521964,0.3554143129660569,0.8883193727476381,1.7417332229473068,1.3197474087670362,0.543072802532262,0.3597452642084693,0.8784027270513757,1.721353786218651,1.3120037294987583,0.537030543867851,0.3549470697598874,0.8904862085086489,1.7455197132616487,1.3211811810882141
2025-12-23T17:47:48.109303,GAT,49,2,256,2,4,0.3,0.0005,0.0005,0.5801039726310919,0.38696173432721337,0.8324750112616726,1.6576329790472015,1.2874909627050597,0.5736060384709033,0.3830449082318063,0.8428049671292914,1.675626978329681,1.2944601107526184,0.5753384630369144,0.38397652704776153,0.840693483977793,1.6727573780072076,1.2933512198962847
2025-12-23T17:47:56.297134,GAT,50,0,256,2,4,0.3,0.001,0.0,0.6327432550891204,0.4201296972021354,0.7344891399629883,1.4689539300672056,1.2120040965554555,0.6025322619917215,0.400128869567717,0.7941076211346482,1.5873873873873874,1.2599156270907141,0.6004752999844164,0.39850123744161886,0.7987961664329126,1.5973390992675705,1.2638588130276145
2025-12-23T17:47:58.719750,GAT,50,1,256,2,4,0.3,0.001,0.0,0.5552133047628324,0.3589735951421457,0.87202931722996,1.726514561215545,1.3139690107516027,0.5568541514487461,0.36001070931210655,0.8682736790844899,1.7185293401509618,1.3109269011470326,0.5542699080567244,0.35862699752191984,0.8740260246220976,1.7306178899797413,1.3155295093534547
2025-12-23T17:48:06.924312,GAT,50,2,256,2,4,0.3,0.001,0.0,0.632565104642244,0.42092613039308285,0.7348210915908786,1.469593484057124,1.2122679093571371,0.5996591185780374,0.39884841017811884,0.8000973946919893,1.5996104212320428,1.2647570601629559,0.6018700691535989,0.4003678301022971,0.7957339047433525,1.5909418525372552,1.2613254348253091
2025-12-23T17:48:09.200759,GAT,51,0,256,2,4,0.3,0.001,0.0005,0.5454733612545047,0.3625649933448187,0.878031557416967,1.7250413947599104,1.3134083122776063,0.5424884343803262,0.36182734353086904,0.8808375943511079,1.7274896518139762,1.3143400061681056,0.5421341748480598,0.3607381101385569,0.8839800529842605,1.7362085086489014,1.3176526509854187
2025-12-23T17:48:17.413790,GAT,51,1,256,2,4,0.3,0.001,0.0005,0.5940878542904451,0.39517556442699736,0.8112764195967663,1.6220049673711892,1.2735795881574066,0.5908935962990017,0.39316458033510715,0.8176284392500609,1.634672510348186,1.2785431202537465,0.5877746610565685,0.39092148667150023,0.8235156615240766,1.6460963066853669,1.283002847496983
2025-12-23T17:48:25.627451,GAT,51,2,256,2,4,0.3,0.001,0.0005,0.5945067387413712,0.3950256035943543,0.8105482303955587,1.6206581686694181,1.273050732951919,0.5857316776235695,0.3894063132938362,0.827173119065011,1.6529827124421719,1.285683752888778,0.5867731567156911,0.38993776507182304,0.8252848933476186,1.6494009934742377,1.284290073727208
2025-12-23T17:48:33.819783,GAT,52,0,256,2,4,0.5,0.0005,0.0,0.5942704782312263,0.3946651672302289,0.8081352878153306,1.6129468199084445,1.2700184329010522,0.5829559289018749,0.3873753391984411,0.8289749208668128,1.652836620404188,1.2856269367138307,0.5820866448496183,0.3867697417317392,0.8302945301542777,1.6550568801620695,1.2864901399397002
2025-12-23T17:48:35.608133,GAT,52,1,256,2,4,0.5,0.0005,0.0,0.49175757280607774,0.25676450212708885,0.9938273108015974,1.9649970780169475,1.4017835346503922,0.48619430241051864,0.2532246330150412,1.0036523009495983,1.983345507669832,1.4083130006038544,0.4887798036465638,0.25463612357241305,1.0001753155680224,1.9780855539971949,1.406444294665521
2025-12-23T17:48:37.713270,GAT,52,2,256,2,4,0.5,0.0005,0.0,0.535970390932223,0.3235705129137936,0.9059254659897489,1.7897171798336924,1.3378031169920679,0.5357682006330655,0.32431755833443293,0.9046018991964938,1.7853420988556123,1.3361669427341827,0.5328138696795559,0.32197861794206156,0.9097886432258693,1.7949936690367196,1.3397737380008312
2025-12-23T17:48:45.924545,GAT,53,0,256,2,4,0.5,0.0005,0.0005,0.5795266387454953,0.38704250011372326,0.8343600857115029,1.662133534625499,1.289237578813734,0.5698563428293159,0.381088209155876,0.8514243973703434,1.6939858777696615,1.301532127060128,0.5717625058438522,0.3821365873982678,0.8484494311983793,1.6888733052828424,1.2995665836281118
2025-12-23T17:48:49.477120,GAT,53,1,256,2,4,0.5,0.0005,0.0005,0.523692412584007,0.3174720447705119,0.9220682770039934,1.8135896561799942,1.346695829124006,0.5251521792062332,0.3193727753786182,0.9197467738008278,1.8095446798149502,1.345193175649858,0.525109085242325,0.3185037352617641,0.9194132772323516,1.808458002181705,1.3447892036232685
2025-12-23T17:48:57.687493,GAT,53,2,256,2,4,0.5,0.0005,0.0005,0.57450357329827,0.381825854947913,0.8438340820823745,1.6805093928436636,1.2963446273440036,0.5738982225468712,0.3818141756145053,0.8433406379352325,1.67781835889944,1.2953062799583117,0.571910002921983,0.38017246478717887,0.8485828382195383,1.689568520502581,1.2998340357532499
2025-12-23T17:49:05.879322,GAT,54,0,256,2,4,0.5,0.001,0.0,0.6219927924418038,0.4140173325404401,0.7559048407519237,1.5117001071393785,1.22951214192434,0.594935476016557,0.39610605990805925,0.8092524957389823,1.6176284392500608,1.271860227874927,0.598332554153031,0.39845127664683305,0.8023219573009195,1.6036309802088202,1.2663455216522939
2025-12-23T17:49:14.059463,GAT,54,1,256,2,4,0.5,0.001,0.0,0.61712282068764,0.40890833495701534,0.7657178338365638,1.5313991428849714,1.2374971284350407,0.5949841733625517,0.39414859234843846,0.8094959824689555,1.6184562941319698,1.2721856366631286,0.5962677263518779,0.39479173005787693,0.8067243260090385,1.6127084307308712,1.2699245767882719
2025-12-23T17:49:22.252186,GAT,54,2,256,2,4,0.5,0.001,0.0,0.6183571350304978,0.4096076836589435,0.7632492055955294,1.5264618868475839,1.2355006624229645,0.5942537131726321,0.3934004886424636,0.8107621134648162,1.6207937667397128,1.2731039889732938,0.5950131489237362,0.3937034007432902,0.8093503457679946,1.6180773351514561,1.2720366878166118
2025-12-23T17:49:30.448992,GAT,55,0,256,2,4,0.5,0.001,0.0005,0.5955001460991526,0.3967064875693236,0.808293561897341,1.6158809778903283,1.2711730715722105,0.582663744825907,0.38828589260191154,0.8335037740443146,1.6658388117847578,1.290673782093972,0.5848137759077451,0.38976450037946825,0.8288725261025401,1.6562451301231105,1.2869518756049545
2025-12-23T17:49:38.649286,GAT,55,1,256,2,4,0.5,0.001,0.0005,0.5964010908736729,0.39652452276253647,0.8069421447355606,1.6136286159540274,1.2702868242857703,0.5902605308010713,0.39271990764098197,0.8185536888239591,1.6361821280740199,1.2791333503876834,0.5887096774193549,0.39152205262667367,0.822054698457223,1.6435834502103788,1.282023186299834
2025-12-23T17:49:46.842494,GAT,55,2,256,2,4,0.5,0.001,0.0005,0.5956268186079355,0.3971718553673626,0.8081741480696885,1.6157760814249365,1.2711318111922683,0.5889943998052106,0.39288376723229,0.8207937667397127,1.6403700998295594,1.2807693390417962,0.5894224213499561,0.3930802239728754,0.8203954417064381,1.6400311678192268,1.2806370164176994
2025-12-23T17:49:50.374958,GAT,56,0,256,2,8,0.3,0.0005,0.0,0.5302546995227427,0.3212152503120575,0.9065817668257524,1.7802546995227428,1.3342618556800396,0.525736547358169,0.3178232014545855,0.9128804480155831,1.7901144387630874,1.3379515831161781,0.5276219417173134,0.3192799855982731,0.9110370889823906,1.7883551503817983,1.337293965581913
2025-12-23T17:50:05.643244,GAT,56,1,256,2,8,0.3,0.0005,0.0,0.5858941268140645,0.39081458037289196,0.8215277101392812,1.6363713840459726,1.2792073264510224,0.581835889943998,0.3888892339352627,0.8252739225712199,1.6394935476016557,1.2804270957776767,0.5740026492130279,0.3833643476942304,0.8417484805984105,1.6732507402212873,1.293541936011851
2025-12-23T17:50:11.284725,GAT,56,2,256,2,8,0.3,0.0005,0.0,0.5423256266968601,0.35842525945003384,0.8797131621559102,1.723790739861451,1.312932115481014,0.5450693937180424,0.36064928179700484,0.871682493304115,1.7051862673484295,1.3058278092261741,0.5385214765754358,0.35571560486502324,0.8845232297652673,1.730612642446674,1.3155275148953267
2025-12-23T17:50:14.525561,GAT,57,0,256,2,8,0.3,0.0005,0.0005,0.5180797701373332,0.28212569007339655,0.9410855167040031,1.8594160903866757,1.363604081244507,0.5165327489651814,0.28056990269117277,0.943754565376187,1.8643291940589237,1.3654044067817137,0.5167718560074801,0.28148623133944267,0.9440158952781673,1.8655913978494623,1.3658665373488956
2025-12-23T17:50:18.056430,GAT,57,1,256,2,8,0.3,0.0005,0.0005,0.5164726794584591,0.273926677324633,0.9452006428362716,1.868547287425733,1.3669481655958038,0.517263209155101,0.27591977242857446,0.9436084733382031,1.8653518383248113,1.365778839462968,0.5162459093034129,0.27303380609455025,0.9459054075112981,1.87020804114072,1.3675554983768374
2025-12-23T17:50:33.334350,GAT,57,2,256,2,8,0.3,0.0005,0.0005,0.5615009070211963,0.37644533358390625,0.8603674348953577,1.7041041187284658,1.3054133899759361,0.5613343072802532,0.37640336709145644,0.8609203798392988,1.7054297540784027,1.3059210366934146,0.5583520015583909,0.3747933872819728,0.8638355897535794,1.7082107723775202,1.3069853757320777
2025-12-23T17:50:37.492161,GAT,58,0,256,2,8,0.3,0.001,0.0,0.5317643907665336,0.3591605854475643,0.9105873185935521,1.7952907373137237,1.339884598506052,0.5297297297297298,0.3585511811171444,0.910445580715851,1.7907962016070125,1.3382063374558546,0.5311282530777622,0.3591071765981681,0.9097904004986754,1.7916277076515505,1.3385169807109474
2025-12-23T17:50:41.932065,GAT,58,1,256,2,8,0.3,0.001,0.0,0.5545923833641765,0.3578607731312647,0.8686203370020454,1.7150457777344892,1.3095975632744927,0.5521305088872657,0.35755106947844784,0.8701241782322864,1.7146335524713903,1.3094401675797906,0.5482507402212872,0.3537275586790862,0.8794413277232351,1.73482546361228,1.3171277324588835
2025-12-23T17:50:57.214297,GAT,58,2,256,2,8,0.3,0.001,0.0,0.6207555669186846,0.41387840210473437,0.7578923018858736,1.5151880394949901,1.2309297459623723,0.5931336742147553,0.39592323923513423,0.8104699293888483,1.6176771365960556,1.2718793718729995,0.5890328236096231,0.39326655429840357,0.8182916139086394,1.6329404889451642,1.2778655989364314
2025-12-23T17:51:02.574444,GAT,59,0,256,2,8,0.3,0.001,0.0005,0.539775494302133,0.3513680443915635,0.8904499853900847,1.7509009447745203,1.3232161368327249,0.5371804236669101,0.34986795800857257,0.8928658388117847,1.7529583637691746,1.3239933397752326,0.5345761259155368,0.34795903497536745,0.8996026180458158,1.767960105968521,1.3296466094299346
2025-12-23T17:51:17.869882,GAT,59,1,256,2,8,0.3,0.001,0.0005,0.5881951884679069,0.3924802375181515,0.8197866952371676,1.6357504626473167,1.2789646057054576,0.5823715607499391,0.3889122110637273,0.8302897492086682,1.6556123691258826,1.2867060150344687,0.5804698457223001,0.38748289440662814,0.833995636590307,1.6629266012155213,1.289545114067562
2025-12-23T17:51:21.102772,GAT,59,2,256,2,8,0.3,0.001,0.0005,0.5268636546258081,0.3197209995984302,0.9072403423548462,1.7754483363161546,1.3324595064451883,0.5264670075480886,0.31944746402770213,0.9071828585342099,1.7744825906988069,1.332097065043988,0.5242037596181942,0.3183218829547806,0.9098860426609525,1.7780656472192462,1.3334412800042026
2025-12-23T17:51:36.360750,GAT,60,0,256,2,8,0.5,0.0005,0.0,0.5841409369825655,0.39027689643896596,0.8237313723580403,1.639475991039252,1.2804202400146805,0.5708789870952033,0.3822304284182792,0.8455807158509862,1.678500121743365,1.2955694198858527,0.570437899329905,0.3817412132636016,0.8478845254791959,1.6845293750973975,1.2978942079759033
2025-12-23T17:51:39.290201,GAT,60,1,256,2,8,0.5,0.0005,0.0,0.5407373137235804,0.3430067144622031,0.89075435862472,1.7537377033213208,1.3242876210707857,0.5421962503043584,0.34499790789212587,0.886827367908449,1.7448746043340637,1.320937017550066,0.5386863020102852,0.3413987489484953,0.8947911796789777,1.7617461430575034,1.3273078554191953
2025-12-23T17:51:42.220206,GAT,60,2,256,2,8,0.5,0.0005,0.0,0.533803279886044,0.3598639559605732,0.9088839378112178,1.7942583732057416,1.3394992994420496,0.5348916484051619,0.3608662360023522,0.9059167275383492,1.7875334794253712,1.3369867162486586,0.5319762345378397,0.3593105874979428,0.9092821661634363,1.7917989675659882,1.3385809529370976
2025-12-23T17:51:49.073156,GAT,61,0,256,2,8,0.5,0.0005,0.0005,0.5220731469757476,0.31432272752133755,0.9171252556735171,1.7955220609720464,1.3399709179575676,0.5193571950328707,0.313308862969031,0.9215972729486243,1.8035062089116143,1.3429468377086318,0.519518466573165,0.3124876981966479,0.9215365435561789,1.8036465638148667,1.3429990930059732
2025-12-23T17:51:56.830166,GAT,61,1,256,2,8,0.5,0.0005,0.0005,0.5374135580013636,0.3606757478951936,0.8871992792441804,1.7364249537352683,1.3177347812573168,0.5339663988312637,0.3589893744451283,0.8939371804236669,1.749744338933528,1.3227790212025319,0.5362318840579711,0.3598535532761245,0.8905641265388811,1.7441561477325853,1.32066503994487
2025-12-23T17:52:03.070617,GAT,61,2,256,2,8,0.5,0.0005,0.0005,0.5276428406199398,0.3283420207158919,0.9050488817463506,1.7704323264789315,1.3305759378851443,0.5268078889700512,0.3294142367933315,0.906208911614317,1.7722425127830532,1.3312559907031605,0.5254115126132268,0.32790164255600557,0.9083276516996202,1.7758059803253141,1.332593704144408
2025-12-23T17:52:18.330512,GAT,62,0,256,2,8,0.5,0.001,0.0,0.619618681211649,0.4107025360379241,0.760166066036817,1.5197355605337488,1.2327755515639287,0.5889943998052106,0.3906984563203945,0.8182615047479912,1.632773313854395,1.277800185418047,0.593540595293751,0.3935704441592847,0.8095878136200717,1.615844631447717,1.2711587750740334
2025-12-23T17:52:33.593877,GAT,62,1,256,2,8,0.5,0.001,0.0,0.6165140742183696,0.40887433633417397,0.7661926560825947,1.5316061166845232,1.237580751581295,0.5920623326028731,0.3931147388008321,0.8118334550766984,1.6196250304358413,1.2726448956546526,0.5892745831385383,0.39071256123793513,0.8181393174380551,1.632967118591242,1.2778760184741091
2025-12-23T17:52:36.824137,GAT,62,2,256,2,8,0.5,0.001,0.0,0.5454058463299122,0.3573967739973664,0.8773634293923567,1.7229019808368944,1.31259360840928,0.5412223033844655,0.35516182786394673,0.8811297784270757,1.7258339420501583,1.313709991607797,0.5437810460699328,0.3561011085050158,0.8798090971072368,1.726989383461576,1.3141496807675965
2025-12-23T17:52:52.105523,GAT,63,0,256,2,8,0.5,0.001,0.0005,0.5836539398071491,0.38949808781536926,0.8279317229960066,1.6511030486023182,1.2849525472181136,0.5794010226442659,0.38699421664763695,0.83481860238617,1.6632578524470416,1.2896735449124486,0.5799049400031168,0.3872926982194129,0.8343073087112358,1.6627318061399408,1.2894695832550456
2025-12-23T17:53:07.380154,GAT,63,1,256,2,8,0.5,0.001,0.0005,0.5860645758254602,0.38854262266603873,0.8227452030778222,1.6403647608843868,1.2807672547673863,0.5796445093742391,0.38400251708230027,0.8355490625760896,1.6659362064767471,1.2907115117162111,0.578814087579866,0.3834674510228788,0.836820165186224,1.6680886707184042,1.2915450711138208
2025-12-23T17:53:22.647946,GAT,63,2,256,2,8,0.5,0.001,0.0005,0.5835129113554184,0.3892470244085376,0.8287982273518634,1.6534205047664268,1.2858539982309138,0.5771609447285123,0.38523944093784124,0.8398831263696128,1.6739712685658632,1.2938204158869433,0.5773643712866465,0.38535027688629625,0.8394857309827602,1.673185935521574,1.2935168864462396
2025-12-23T17:53:26.870793,GAT,64,0,256,3,4,0.3,0.0005,0.0,0.4964083958313042,0.23585551727778867,0.9790469465277102,1.9299576312457387,1.3892291500129628,0.49700511322132945,0.23636236565450844,0.9783296810323837,1.9289992695398102,1.3888841814707986,0.49544179523141657,0.2346523803800765,0.9816503038803179,1.9358345021037868,1.3913426975780578
2025-12-23T17:53:31.560851,GAT,64,1,256,3,4,0.3,0.0005,0.0,0.5314478426025129,0.3155755746808043,0.9165043342748612,1.8124086880296095,1.346257288942054,0.5293401509617726,0.31506594349487277,0.9200389578767957,1.8187971755539323,1.3486278862436192,0.530232195730092,0.3146741831352629,0.9200950599968832,1.8207495714508337,1.3493515373878053
2025-12-23T17:53:33.888572,GAT,64,2,256,3,4,0.3,0.0005,0.0,0.5012113907252517,0.2619909412543405,0.9900410290125035,1.972545868488014,1.4044735200380298,0.495836376917458,0.2588172754239381,1.0001947893839787,1.9922571219868517,1.411473386921217,0.49899678581864226,0.2612389172050904,0.9937664361546703,1.9792928801012954,1.4068734413945327
2025-12-23T17:53:36.703215,GAT,65,0,256,3,4,0.3,0.0005,0.0005,0.5062213889159443,0.2848367527162517,0.974225674491088,1.9351198013051525,1.3910858353477518,0.504845385926467,0.2839027545003721,0.9756026296566838,1.936498660822985,1.3915813525708747,0.5034283933302166,0.2822310618624255,0.979663394109397,1.945846968988624,1.394936188142176
2025-12-23T17:53:48.735919,GAT,65,1,256,3,4,0.3,0.0005,0.0005,0.5706998149410734,0.37920084500933077,0.8572611278854583,1.7131830135385215,1.30888617287315,0.5714146579011444,0.3799124311473679,0.8546384222059897,1.706744582420258,1.3064243500563888,0.5678081658095684,0.377345067692403,0.8624357176250584,1.722923484494312,1.3126017996690056
2025-12-23T17:53:51.065899,GAT,65,2,256,3,4,0.3,0.0005,0.0005,0.5115843042721308,0.25517005395837816,0.969903940976661,1.9328804314742443,1.3902807024030235,0.5132700267835403,0.2569412770906887,0.9663501339177015,1.925590455320185,1.387656461563951,0.5094769650336028,0.2536798924750268,0.9726112788545827,1.9367877666309536,1.3916852254123249
2025-12-23T17:54:03.083586,GAT,66,0,256,3,4,0.3,0.001,0.0,0.6162218759131197,0.4108073801292161,0.7675440732443752,1.535075971559365,1.238981828583198,0.5970294618943267,0.39802544493045094,0.8058923788653518,1.611736060384709,1.26954167335488,0.5937159108617734,0.39581014799351744,0.8125486987688951,1.6250779180302322,1.2747854399977403
2025-12-23T17:54:06.361956,GAT,66,1,256,3,4,0.3,0.001,0.0,0.5456681601246712,0.3600183774891475,0.8935424174539788,1.7719635726112788,1.3311512207902148,0.538008278548819,0.3544490333851093,0.9075724373021671,1.7987338690041392,1.341168844330996,0.541023842917251,0.35678523460221556,0.9024466261492909,1.7893875642823749,1.3376799184716703
2025-12-23T17:54:18.377669,GAT,66,2,256,3,4,0.3,0.001,0.0,0.6069980642097959,0.6035017515487222,0.7860038715804083,1.5720077431608166,1.253797329380158,0.5982468955441929,0.5949343657565738,0.8035062089116143,1.6070124178232286,1.2676799350874133,0.5940781143469368,0.3938333933519953,0.8118048115320932,1.623570663290153,1.2741941230794283
2025-12-23T17:54:20.711390,GAT,67,0,256,3,4,0.3,0.001,0.0005,0.48467176390376937,0.3269941163788979,1.004821272036622,1.9838073439174053,1.4084769589586494,0.4922327733138544,0.33238055861881577,0.988945702459216,1.9513026540053566,1.3968903514611863,0.4857020414523921,0.32782560204376043,1.002357020414524,1.978475144148356,1.406582789653121
2025-12-23T17:54:23.280592,GAT,67,1,256,3,4,0.3,0.001,0.0005,0.5214157007889354,0.2984131528278641,0.92345621895393,1.813200058439661,1.3465511718607879,0.5227173119065011,0.3006055583726026,0.9196006817628439,1.804236669101534,1.3432187718691002,0.521096306685367,0.29777313194632865,0.9243221131369799,1.8151589527816736,1.3472783501495427
2025-12-23T17:54:27.266597,GAT,67,2,256,3,4,0.3,0.001,0.0005,0.5289698917661955,0.3312749976094919,0.9257947088401086,1.8353239100527168,1.3547412705209496,0.5258826393961529,0.3295324120904078,0.928463598733869,1.8371560749939129,1.3554173065863933,0.5264439466251096,0.3301957253739428,0.9289373721632415,1.8397000097399434,1.3563554142406566
2025-12-23T17:54:31.484776,GAT,68,0,256,3,4,0.5,0.0005,0.0,0.519528586734197,0.3028798749849716,0.9385287815330671,1.8546435180675953,1.361852972265213,0.5181397613830047,0.3020002159885011,0.9409788166544923,1.8592159727294861,1.3635307010586473,0.5167523764999221,0.30103104164509437,0.9439964157706093,1.8654940003116722,1.3658308827639212
2025-12-23T17:54:35.471502,GAT,68,1,256,3,4,0.5,0.0005,0.0,0.5161317814356676,0.2712859227197482,0.9472703808317912,1.8740747053667088,1.3689684822400803,0.5151692232773314,0.27124849239781346,0.9468711955198442,1.8709520331141953,1.3678274866057472,0.5133824216923796,0.2691506975753877,0.9520998909147577,1.8830645161290323,1.3722479790945339
2025-12-23T17:54:47.484029,GAT,68,2,256,3,4,0.5,0.0005,0.0,0.5885532707549582,0.39038891044078156,0.8228082350219755,1.6455312465758427,1.2827826185974935,0.5808132456781105,0.38509951801501074,0.8381787192598004,1.676162649135622,1.2946670031848428,0.5833057368267264,0.3868428989667348,0.8331937274763807,1.6661926560825948,1.2908108521710664
2025-12-23T17:54:50.291554,GAT,69,0,256,3,4,0.5,0.0005,0.0005,0.5187737411123016,0.26962070962738877,0.9523229765267361,1.8945164118048115,1.3764143314441373,0.5168249330411493,0.2670180006499325,0.9568054541027514,1.9040662283905527,1.3798790629582554,0.517901667445847,0.2691124705667644,0.953814087579866,1.8972455976312919,1.3774053860905626
2025-12-23T17:54:53.807624,GAT,69,1,256,3,4,0.5,0.0005,0.0005,0.5014488165968637,0.2512908682384752,0.9666041686958216,1.9027101392811923,1.3793875957399329,0.501972242512783,0.2537171364841461,0.9648405161918675,1.8984660336011687,1.3778483347600956,0.5017921146953405,0.2516538126700392,0.9661056568489949,1.9019011999376656,1.3790943404777156
2025-12-23T17:54:57.090522,GAT,69,2,256,3,4,0.5,0.0005,0.0005,0.48456846488184374,0.22496490919679743,1.007134421758769,1.9905401950399941,1.4108650520301345,0.4842464085707329,0.22611763613810873,1.0071585098612126,1.9899683467251035,1.410662378716149,0.48415311191195093,0.22478224198876462,1.0079477939027954,1.9921496055322878,1.411435299803816
2025-12-23T17:55:08.878323,GAT,70,0,256,3,4,0.5,0.001,0.0,0.6119363007694555,0.4056481825343095,0.7761030486023182,1.5521817473458654,1.2458658625012027,0.5925493060628195,0.5890608734073417,0.8149013878743608,1.6298027757487217,1.2766372921659157,0.5957028206326944,0.5922367529801346,0.8085943587346112,1.6171887174692223,1.271687350518681
2025-12-23T17:55:11.446046,GAT,70,1,256,3,4,0.5,0.001,0.0,0.5161804811532094,0.31315169324053704,0.9472460309730204,1.8740990552254797,1.3689773757171737,0.5214024835646457,0.31673848425313594,0.9363038714390066,1.8517165814463112,1.3607779324512546,0.5120383356708742,0.31113784376601655,0.9548465014804426,1.8886161757830762,1.3742693243258675
2025-12-23T17:55:23.466496,GAT,70,2,256,3,4,0.5,0.001,0.0,0.6060484312794477,0.6005102038718135,0.7879031374411045,1.575806274882209,1.2553112263029471,0.5915753591429267,0.5855004910169426,0.8168492817141466,1.6336985634282932,1.2781621819739049,0.5903379760397389,0.5842321536107878,0.819324047920522,1.638648095841044,1.2800969087694276
2025-12-23T17:55:35.491968,GAT,71,0,256,3,4,0.5,0.001,0.0005,0.593698256550112,0.39487855583551995,0.8125304373234635,1.6249878250706147,1.2747501029890582,0.5877282688093499,0.3910319522281938,0.8243973703433163,1.6486486486486487,1.283997137321049,0.5848332554153031,0.38902936894212753,0.8302360916316035,1.660374785725417,1.2885553095328959
2025-12-23T17:55:38.297132,GAT,71,1,256,3,4,0.5,0.001,0.0005,0.5037133534625499,0.31819924597360943,0.963974383948573,1.899349858770819,1.3781690240209359,0.5024105186267348,0.31694878718840336,0.9659605551497443,1.9027027027027028,1.3793849001285692,0.5033309957924264,0.3179197226024013,0.9640018700327255,1.8986676016830295,1.3779214787799157
2025-12-23T17:55:40.631727,GAT,71,2,256,3,4,0.5,0.001,0.0005,0.5305769628790923,0.3272913578573213,0.9167244968771686,1.8113274163896904,1.3458556447069985,0.5315315315315315,0.32751277048258637,0.9129778427075724,1.8019965911857805,1.3423846658785181,0.5312554787182234,0.32733033396780536,0.9139962988214668,1.8044998539008474,1.3433167362542788
2025-12-23T17:55:59.363714,GAT,72,0,256,3,8,0.3,0.0005,0.0,0.5691779487678972,0.3790096182145361,0.8567132560631149,1.708495665725139,1.3070943599163523,0.5570002434867299,0.3715139589993939,0.8781592403214025,1.7484782079376675,1.3223003470988228,0.5610877357020414,0.3740905634365297,0.8702859591709522,1.7330333489169394,1.3164472450185536
2025-12-23T17:56:05.466768,GAT,72,1,256,3,8,0.3,0.0005,0.0,0.4767215350150969,0.2735446235463623,1.00861985000487,1.9793026200448038,1.4068769029466663,0.4732408083759435,0.27098938002872514,1.0148526905283661,1.9910396883369856,1.4110420576074214,0.47395589839488855,0.2720079547890684,1.0140642044569113,1.9901044101605112,1.4107106046813822
2025-12-23T17:56:10.652967,GAT,72,2,256,3,8,0.3,0.0005,0.0,0.5015644593788426,0.2536649526732627,0.9623434018773512,1.890159124389739,1.3748305802497045,0.5006574141709277,0.25197088569789433,0.9638665692719747,1.8929145361577795,1.3758323066993956,0.5008278951982078,0.2531924290868135,0.9627544560241551,1.8899191584688808,1.3747433063917354
2025-12-23T17:56:14.956895,GAT,73,0,256,3,8,0.3,0.0005,0.0005,0.5000608746469271,0.3334036783799652,0.9998782507061459,1.9997565014122918,1.414127470001305,0.5000243486729973,0.33334415479011786,0.9999513026540053,1.9999026053080107,1.4141791277302924,0.5000779180302322,0.33340259605350764,0.9998441639395356,1.9996883278790711,1.4141033653446522
2025-12-23T17:56:21.496318,GAT,73,1,256,3,8,0.3,0.0005,0.0005,0.49952517775396904,0.222270978926269,0.9991477549430213,1.996493620337002,1.4129733261236752,0.4995860725590455,0.22225110757265568,0.999318237156075,1.997126856586316,1.4131973876944142,0.4992987377279102,0.22215866247172314,0.9996883278790712,1.997662459093034,1.4133868752372911
2025-12-23T17:56:25.793183,GAT,73,2,256,3,8,0.3,0.0005,0.0005,0.5000426117340541,0.3333522713438142,0.9999147765318919,1.9998295530637837,1.4141532989968888,0.5000730460189919,0.3333657966497857,0.9998539079620161,1.9997078159240322,1.4141102559291592,0.5000486997175416,0.33335497694954874,0.9999026005649168,1.9998052011298335,1.4141446888949636
2025-12-23T17:56:30.983926,GAT,74,0,256,3,8,0.3,0.001,0.0,0.5065257621505795,0.310059691097804,0.9517507548456219,1.8683037888380247,1.3668590961902491,0.5037740443145848,0.30760371200715425,0.9553932310689067,1.87372778183589,1.368841766544216,0.508356708742403,0.3118106565623451,0.9467625058438522,1.8570009350163628,1.3627182155590212
2025-12-23T17:56:36.172178,GAT,74,1,256,3,8,0.3,0.001,0.0,0.4849517872796338,0.26392779717763937,0.9978328625693971,1.963402162267459,1.4012145311362778,0.4810810810810811,0.2605893843725538,1.0044314584855125,1.9754565376186999,1.4055093516653312,0.4833839800529843,0.2631475104188364,1.00159731961976,1.9715599189652486,1.4041224729222337
2025-12-23T17:56:58.813564,GAT,74,2,256,3,8,0.3,0.001,0.0,0.6112105384905706,0.40629289242688005,0.7773476021768508,1.554463883511694,1.2467814096752061,0.5936206476747017,0.394460730732166,0.8120282444606769,1.6233260287314342,1.2740981236668683,0.5911366514074219,0.392739674415461,0.8167137430602902,1.6324145319957144,1.2776597872656532
2025-12-23T17:57:03.558641,GAT,75,0,256,3,8,0.3,0.001,0.0005,0.49442388234148243,0.22107357596444097,1.0021793123599883,1.9953857017629297,1.4125812195279002,0.49481373265157047,0.2211485096797362,1.002045288531775,1.9957633308984661,1.4127148795487596,0.4939029141343307,0.22091817619433482,1.0027076515505688,1.9959287829203678,1.41277343651428
2025-12-23T17:57:10.090809,GAT,75,1,256,3,8,0.3,0.001,0.0005,0.48731372358040326,0.22262623817454005,0.9903574559267556,1.9456998149410734,1.3948834413459332,0.48814219625030436,0.2228340861007242,0.9888970051132213,1.9429754078402728,1.393906527655378,0.4865007012622721,0.22223477392889848,0.9916043322424809,1.947814399251987,1.3956412143713681
2025-12-23T17:57:14.389314,GAT,75,2,256,3,8,0.3,0.001,0.0005,0.49934864920803046,0.22206340569411395,1.0004626416840157,2.0000852234681084,1.4142436930982256,0.4995373752130509,0.2221067446140522,1.000389578767957,2.0002434867299734,1.4142996453121146,0.49938638355897536,0.2220663011183008,1.0004869971754164,2.0002337586442,1.4142962061195667
2025-12-23T17:57:23.154543,GAT,76,0,256,3,8,0.5,0.0005,0.0,0.489566085516704,0.22845086994613786,0.9860110061361644,1.9371651894419013,1.3918208180085183,0.4887752617482347,0.2281208749267121,0.9869491112734357,1.9383978573167762,1.3922635732205222,0.4892862708430731,0.22839176316116794,0.985254012778557,1.934334580021817,1.3908035734861401
2025-12-23T17:57:32.369566,GAT,76,1,256,3,8,0.5,0.0005,0.0,0.48934693678776664,0.22261309181317634,0.9905644297263075,1.950387162754456,1.3965626240002473,0.4887265644022401,0.22212500531712076,0.9916240564889214,1.9523252982712442,1.3972563466562764,0.4880201028517999,0.22246087427363273,0.9909809880006234,1.9489831697054698,1.3960598732523866
2025-12-23T17:57:45.166161,GAT,76,2,256,3,8,0.5,0.0005,0.0,0.5313317993109073,0.30963008261048275,0.9214117876231175,1.8268989614911673,1.3516282630557734,0.5269052836620404,0.3062211600571509,0.9263209155101046,1.832773313854395,1.3537995840797097,0.525119314307977,0.30472238101556576,0.9317229960066231,1.8454076166358235,1.358457808191268
2025-12-23T17:57:49.460623,GAT,77,0,256,3,8,0.5,0.0005,0.0005,0.4999513002824584,0.33331168831168834,1.0000973994350832,2.0001947988701665,1.4142824324971892,0.49997565132700267,0.33332251152522563,1.0000486973459946,2.000097394691989,1.4142479961774699,0.4999415614773259,0.33330735964467995,1.0001168770453484,2.0002337540906967,1.4142962045097542
2025-12-23T17:57:53.754610,GAT,77,1,256,3,8,0.5,0.0005,0.0005,0.4999513002824584,0.33331168831168834,1.0000973994350832,2.0001947988701665,1.4142824324971892,0.49992695398100806,0.33330086685497223,1.0001460920379839,2.0002921840759678,1.414316861271182,0.4999610409848839,0.3333160177657723,1.0000779180302322,2.0001558360604643,1.4142686576674406
2025-12-23T17:57:58.049964,GAT,77,2,256,3,8,0.5,0.0005,0.0005,0.49995738826594593,0.33331439424684667,1.0000852234681081,2.0001704469362163,1.4142738231814291,0.49992695398100806,0.33330086685497223,1.0001460920379839,2.0002921840759678,1.414316861271182,0.4999513002824584,0.33331168831168834,1.0000973994350832,2.0001947988701665,1.4142824324971892
2025-12-23T17:58:20.688276,GAT,78,0,256,3,8,0.5,0.001,0.0,0.6105361838901334,0.4051390297740971,0.7786719587026395,1.5570882438881855,1.2478334199275902,0.5919162405648892,0.3929592715145896,0.814755295836377,1.6280983686389092,1.2759695798250479,0.5941834190431666,0.3945102795805868,0.8102501168770454,1.6191171887174691,1.2724453578513575
2025-12-23T17:58:43.327036,GAT,78,1,256,3,8,0.5,0.001,0.0,0.6028659783773254,0.399692449201356,0.7938906204344015,1.5874038180578554,1.2599221476178024,0.5926953981008035,0.39289113843903917,0.8130508887265644,1.6245434623813002,1.274575797032605,0.5870149602618046,0.38930559681192767,0.8241195262583761,1.6463884992987377,1.2831167130462986
2025-12-23T17:58:48.067268,GAT,78,2,256,3,8,0.5,0.001,0.0,0.4947587567113481,0.24138037134579063,0.9755408646529579,1.9161401073815698,1.3842471265570935,0.4950572193815437,0.24166862615894316,0.973654735816898,1.9110786462137814,1.3824176815325322,0.49282166163436253,0.2406831300616001,0.9774033310606799,1.9178533164507645,1.3848658117127322
2025-12-23T17:58:52.361493,GAT,79,0,256,3,8,0.5,0.001,0.0005,0.5,0.2287337970982292,0.9993669036719587,1.9981007110158762,1.4135419028157163,0.49905040175310444,0.228186120655935,1.0012661309958608,2.001899196493791,1.4148848704024617,0.49933769674302636,0.22790322485677286,1.000818139317438,2.001129811438367,1.4146129546410802
2025-12-23T17:58:59.346536,GAT,79,1,256,3,8,0.5,0.001,0.0005,0.47513879419499366,0.24629601089246056,1.0195042368754261,2.008790299016266,1.4173179950230879,0.4736790844898953,0.2455935041256914,1.0215242269296323,2.0119308497686874,1.4184254826280749,0.4751636278634876,0.2466260851656795,1.0192262739597944,2.008006077606358,1.4170413111855131
2025-12-23T17:59:03.645183,GAT,79,2,256,3,8,0.5,0.001,0.0005,0.49956779526888007,0.2221283898087172,1.0002434956231663,1.9998660774072585,1.4141662127936936,0.4994399805210616,0.22209229303363,1.000389578767957,2.0000486973459948,1.4142307793800821,0.49948378299405866,0.22209806927734324,1.0003701178533164,2.0000779195480667,1.4142411108251898
2025-12-23T17:59:11.717968,GAT,80,0,256,4,4,0.3,0.0005,0.0,0.5153038862374598,0.26290504449603047,0.963974383948573,1.922530924320639,1.3865536139365975,0.514682249817385,0.263018266247854,0.9644996347699051,1.922863403944485,1.3866735030080026,0.5146485896836528,0.2622783626618474,0.9644888577216768,1.922763752532336,1.3866375707200262
2025-12-23T17:59:14.757975,GAT,80,1,256,4,4,0.3,0.0005,0.0,0.49442388234148243,0.22114219590225306,1.0017166650433427,1.993997759812993,1.4120898554316552,0.4937423910396883,0.22086437502722955,1.0029218407596785,1.9962503043584126,1.4128872228024474,0.49394187314944676,0.22095292866976876,1.0024933769674302,1.9953638772011844,1.4125734944423898
2025-12-23T17:59:17.796908,GAT,80,2,256,4,4,0.3,0.0005,0.0,0.49492920364756443,0.2221156507981602,1.0009252833680315,1.9926342573992233,1.4116069769589634,0.49432675919162405,0.2216283919534091,1.0020939858777698,1.9949354760165572,1.4124218477553216,0.4943605727086783,0.2215436048225794,1.0022986266679654,1.9956170254212526,1.412663096927662
2025-12-23T17:59:28.039412,GAT,81,0,256,4,4,0.3,0.0005,0.0005,0.5429409759423396,0.34766969113914875,0.9093576507256258,1.8139549040615564,1.3468314311975187,0.5398587776966155,0.34554749696461146,0.9141465790114439,1.8221572924275626,1.3498730653019055,0.5404784167056257,0.3460178968320731,0.912809724170173,1.8193860059217704,1.3488461757820165
2025-12-23T17:59:32.963993,GAT,81,1,256,4,4,0.3,0.0005,0.0005,0.4892860621408396,0.22316611642419867,1.00490649654232,1.9932916139086394,1.41183979753676,0.48935962990017046,0.22292952928349818,1.005308010713416,1.9946432919405892,1.412318410253364,0.489247311827957,0.22320151363502905,1.0044023687081192,1.991701729780271,1.4112766312032063
2025-12-23T17:59:36.006911,GAT,81,2,256,4,4,0.3,0.0005,0.0005,0.49971389264277977,0.22229623973007076,0.999172114881235,1.9969441299292645,1.4131327361324784,0.49973216459702946,0.22233777488896111,0.9988799610421232,1.9961042123204285,1.4128355220337676,0.4995811824291419,0.22224244236177007,0.9993961235024836,1.997350735365735,1.4132765954920978
2025-12-23T17:59:40.614403,GAT,82,0,256,4,4,0.3,0.001,0.0,0.5249342553813188,0.3354655996004598,0.9455658907178338,1.886566182916139,1.3735232735254759,0.5255417579741904,0.3370250574620614,0.9435597759922084,1.881762843925006,1.371773612490416,0.5263362942184822,0.3371702874165013,0.941873149446782,1.8782920367773102,1.3705079484546268
2025-12-23T17:59:48.340348,GAT,82,1,256,4,4,0.3,0.001,0.0,0.5445480666212136,0.3531073135259133,0.9108551670400312,1.8216616343625207,1.3496894584912933,0.5462381300219138,0.35422915811195627,0.9073289505721939,1.814463111760409,1.3470200858786068,0.5415303101137603,0.351733704387021,0.9168809412498052,1.8337034439769362,1.3541430662883949
2025-12-23T17:59:51.378972,GAT,82,2,256,4,4,0.3,0.001,0.0,0.48691819764539734,0.2263634039379313,1.0045898924966823,1.9876060727808418,1.409824837623753,0.48643778914049185,0.22719420358589917,1.003700998295593,1.9839785731677624,1.4085377428978474,0.48526346547190025,0.22595697840931114,1.0060387649751632,1.9886432258692899,1.410192620130062
2025-12-23T17:59:55.676522,GAT,83,0,256,4,4,0.3,0.001,0.0005,0.4920741209700984,0.22191868725996278,0.9946552059998052,1.9681138599396124,1.4028948142821016,0.4912588263939615,0.2216135928822596,0.9956172388604821,1.9693693693693695,1.4033422139198155,0.4917212092878292,0.22174651328153405,0.9953638772011844,1.9695340501792116,1.4034008871948214
2025-12-23T18:00:04.985541,GAT,83,1,256,4,4,0.3,0.001,0.0005,0.5156569591896367,0.2751167216845842,0.9686617317619558,1.9372991136651407,1.3918689283352583,0.5183832481129779,0.27537427724219965,0.9631848064280497,1.9263209155101046,1.387919635825542,0.5145706716534206,0.4121042216358839,0.9708586566931589,1.9417173133863177,1.3934551709281207
2025-12-23T18:00:08.029244,GAT,83,2,256,4,4,0.3,0.001,0.0005,0.5176229957266518,0.3310746196660425,0.9546124158418252,1.8990832389787793,1.3780722909117573,0.5149744338933528,0.33031405807926634,0.9593864134404675,1.9081081081081082,1.3813428640667416,0.5150287328333496,0.32977969099743515,0.9591311970390571,1.9074510567838707,1.3811050129457465
2025-12-23T18:00:12.011739,GAT,84,0,256,4,4,0.5,0.0005,0.0,0.5027758838998734,0.26057360515371203,0.9842821661634362,1.9583982662900554,1.3994278353277296,0.5027514000486973,0.26130815687801023,0.9841733625517409,1.9580228877526176,1.3992937103241112,0.5007791803023219,0.2587727459556924,0.9883317749727287,1.96655368552283,1.4023386486590284
2025-12-23T18:00:15.054689,GAT,84,1,256,4,4,0.5,0.0005,0.0,0.48363689490600953,0.3015290366106651,1.0264926463426511,2.046751728839973,1.4306473111287676,0.4797662527392257,0.2979039481629928,1.0332602873143413,2.0593133674214754,1.43503078971201,0.4899680536076048,0.305511690406826,1.013596696275518,2.020726196041764,1.4215224922743093
2025-12-23T18:00:18.094545,GAT,84,2,256,4,4,0.5,0.0005,0.0,0.49841119105884074,0.22224574718446918,0.9982103071697286,1.9914533036268673,1.4111886137674394,0.4986608229851473,0.2222945837403669,0.9981008035062089,1.9916240564889214,1.411249112130428,0.4976331937274764,0.22203969526690223,0.998811726891984,1.991701568130905,1.4112765739325885
2025-12-23T18:00:25.208443,GAT,85,0,256,4,4,0.5,0.0005,0.0005,0.4972119411707412,0.23764598782360677,0.9850613616441025,1.9496079672737898,1.396283627087917,0.4967129291453616,0.23700701181156883,0.987582176771366,1.956172388604821,1.3986323278849309,0.49902602462209755,0.24022681492889167,0.9826437587657784,1.9459833255415304,1.3949850628381404
2025-12-23T18:00:28.251807,GAT,85,1,256,4,4,0.5,0.0005,0.0005,0.5006574461868121,0.3357170399902279,0.9986851076263757,1.9973702152527515,1.4132834872214248,0.5001217433649866,0.33450993389863026,0.9997565132700268,1.9995130265400536,1.4140413807735803,0.5004675081813932,0.3351293780904056,0.9990649836372136,1.9981299672744273,1.4135522513421381
2025-12-23T18:00:31.606174,GAT,85,2,256,4,4,0.5,0.0005,0.0005,0.49984781523552113,0.22218253646129285,1.000158272155058,2.0001704469362163,1.4142738231814291,0.49992695398100806,0.22220779220779222,1.0000973946919893,2.000146092037984,1.4142652127652662,0.49975650141229183,0.22216737677093076,1.00017531898315,2.000038959774033,1.414227336666221
2025-12-23T18:00:36.212825,GAT,86,0,256,4,4,0.5,0.001,0.0,0.5110183110937957,0.2536556157413543,0.9717419888964643,1.9372625888769845,1.3918558075019785,0.5098125152179206,0.2529336966208815,0.9720964207450694,1.9359142926710495,1.3913713712273403,0.5108695652173914,0.25360795325865587,0.970956054230949,1.9346072931276297,1.3909016115914272
2025-12-23T18:00:43.627540,GAT,86,1,256,4,4,0.5,0.001,0.0,0.548870166553034,0.3646044889831434,0.9021500925294633,1.804190610694458,1.3432016269698521,0.5481373265157049,0.36406024090084665,0.903627952276601,1.8071585098612126,1.3443059584265826,0.5432834657939847,0.3608888433294892,0.9132577528440081,1.8263401901199938,1.3514215441970703
2025-12-23T18:00:46.666402,GAT,86,2,256,4,4,0.5,0.001,0.0,0.5194492129003981,0.2841167498260864,0.9469301289309324,1.8796888125935935,1.3710174370129629,0.516045775505235,0.28019364206393177,0.9524226929632335,1.8893596299001705,1.3745397884019839,0.516139086393299,0.28045536154934037,0.9523911561312944,1.8894516411804811,1.3745732578442231
2025-12-23T18:00:50.650284,GAT,87,0,256,4,4,0.5,0.001,0.0005,0.49539787669231516,0.22810134113647737,0.9915992987240674,1.9655936495568325,1.4019963086816,0.49534940345751155,0.22746185296453214,0.9927927927927928,1.9690771852934015,1.4032381071270126,0.4951496026180458,0.22824670721158558,0.9925198690977092,1.9678588125292193,1.4028039109331065
2025-12-23T18:00:54.318085,GAT,87,1,256,4,4,0.5,0.001,0.0005,0.48557270867828967,0.2190639401079858,1.006623161585663,1.9910149021135677,1.4110332746301795,0.4848307767226686,0.21882280539803947,1.0074993912831751,1.9921597272948623,1.4114388854268052,0.4859357955430887,0.21908400298599218,1.0068567866604332,1.9924419510674771,1.4115388592126952
2025-12-23T18:00:57.673889,GAT,87,2,256,4,4,0.5,0.001,0.0005,0.4940647941853245,0.22211822660098524,0.994716144977294,1.9722780233025312,1.404378162498453,0.4930119308497687,0.22189345870182245,0.9951302654005356,1.9714146579011445,1.4040707453334196,0.49363981688906206,0.2220382199090503,0.9948183500535697,1.9717346839388332,1.4041847043529683
2025-12-23T18:01:03.333333,GAT,88,0,256,4,8,0.3,0.0005,0.0,0.49201324632317134,0.22197504620818262,0.99360816207266,1.9648509788643227,1.4017314218010248,0.4907718529340151,0.22172353860031244,0.9940589237886536,1.9637204772339907,1.4013281119116932,0.4916822502727131,0.2218062786968079,0.9943899018232819,1.966534206015272,1.4023317032768217
2025-12-23T18:01:08.992281,GAT,88,1,256,4,8,0.3,0.0005,0.0,0.49167234830037987,0.22209389934720322,0.9924758936398169,1.9607723775202104,1.4002758219437377,0.49237886535183834,0.22217095143924412,0.9926467007548089,1.9626978329681033,1.4009631804469749,0.4917796478105034,0.22204045734388742,0.9929484182639863,1.9624045504129655,1.4008585047794675
2025-12-23T18:01:14.656428,GAT,88,2,256,4,8,0.3,0.0005,0.0,0.49366302640710036,0.22184289137642385,0.9961527691539744,1.975784360276124,1.4056259674166964,0.49310932554175796,0.22176960140166446,0.9960555149744339,1.9743851960068177,1.4051281777855065,0.4932696990357456,0.22183383925325342,0.9958118242914191,1.9739748709457485,1.404982160365657
2025-12-23T18:01:20.320652,GAT,89,0,256,4,8,0.3,0.0005,0.0005,0.4999513002824584,0.33331168831168834,1.0000973994350832,2.0001947988701665,1.4142824324971892,0.49997565132700267,0.33332251152522563,1.0000486973459946,2.000097394691989,1.4142479961774699,0.4999415614773259,0.33330735964467995,1.0001168770453484,2.0002337540906967,1.4142962045097542
2025-12-23T18:01:25.981771,GAT,89,1,256,4,8,0.3,0.0005,0.0005,0.4999513002824584,0.33331168831168834,1.0000973994350832,2.0001947988701665,1.4142824324971892,0.49992695398100806,0.33330086685497223,1.0001460920379839,2.0002921840759678,1.414316861271182,0.4999610409848839,0.3333160177657723,1.0000779180302322,2.0001558360604643,1.4142686576674406
2025-12-23T18:01:31.641640,GAT,89,2,256,4,8,0.3,0.0005,0.0005,0.49995738826594593,0.33331439424684667,1.0000852234681081,2.0001704469362163,1.4142738231814291,0.49992695398100806,0.33330086685497223,1.0001460920379839,2.0002921840759678,1.414316861271182,0.4999513002824584,0.33331168831168834,1.0000973994350832,2.0001947988701665,1.4142824324971892
2025-12-23T18:01:37.305011,GAT,90,0,256,4,8,0.3,0.001,0.0,0.46631197039057176,0.23860898341709366,1.0293050550306808,2.020539105873186,1.4214566844871448,0.46725103481860236,0.23876582102881097,1.0269783296810324,2.015437058680302,1.419660895664983,0.46645628798503974,0.23862391288521034,1.0289660277388188,2.0198106591865357,1.421200428928494
2025-12-23T18:01:49.499219,GAT,90,1,256,4,8,0.3,0.001,0.0,0.5037864030388624,0.23661083703147123,0.9876546216031947,1.9705366708873089,1.4037580528307965,0.5034331628926223,0.23687166334410106,0.9869491112734357,1.9677136596055516,1.4027521732670927,0.503603708898239,0.2365755522077313,0.9866954963378526,1.967293906810036,1.4026025476983977
2025-12-23T18:02:03.473206,GAT,90,2,256,4,8,0.3,0.001,0.0,0.5357390700902152,0.31974601128514873,0.9268295652385649,1.8519668358961248,1.3608698820593117,0.5301680058436815,0.3161650001873348,0.9362064767470173,1.868955441928415,1.3670974515111989,0.5335346254991721,0.31875138036857104,0.9300672056102075,1.8572708678289667,1.3628172540105905
2025-12-23T18:02:09.134463,GAT,91,0,256,4,8,0.3,0.001,0.0005,0.5000486997175416,0.33335497694954874,0.9999026005649168,1.9998052011298335,1.4141446888949636,0.5000243486729973,0.33334415479011786,0.9999513026540053,1.9999026053080107,1.4141791277302924,0.5000584385226742,0.3333593049982469,0.9998831229546518,1.9997662459093035,1.4141309154068105
2025-12-23T18:02:14.797208,GAT,91,1,256,4,8,0.3,0.001,0.0005,0.4999513002824584,0.33331168831168834,1.0000973994350832,2.0001947988701665,1.4142824324971892,0.49992695398100806,0.33330086685497223,1.0001460920379839,2.0002921840759678,1.414316861271182,0.4999610409848839,0.3333160177657723,1.0000779180302322,2.0001558360604643,1.4142686576674406
2025-12-23T18:02:20.461078,GAT,91,2,256,4,8,0.3,0.001,0.0005,0.49995738826594593,0.33331439424684667,1.0000852234681081,2.0001704469362163,1.4142738231814291,0.49992695398100806,0.33330086685497223,1.0001460920379839,2.0002921840759678,1.414316861271182,0.4999513002824584,0.33331168831168834,1.0000973994350832,2.0001947988701665,1.4142824324971892
2025-12-23T18:02:26.714768,GAT,92,0,256,4,8,0.5,0.0005,0.0,0.4933890133437226,0.23697148897193135,0.9904913801499952,1.9582521671374307,1.3993756347519528,0.4916971025079133,0.23559362121833102,0.9933284635987338,1.9633795958120281,1.401206478650462,0.492441951067477,0.23639055206005602,0.9909615084930653,1.9577684276141498,1.399202782878218
2025-12-23T18:02:38.316738,GAT,92,1,256,4,8,0.5,0.0005,0.0,0.48031313918379276,0.21814693164349777,1.007280607772475,1.9824681016850103,1.408001456563526,0.48059410762113464,0.21829241318292414,1.0066228390552714,1.9810567324080837,1.4075001713705344,0.4802672588436964,0.218152056097507,1.00718793828892,1.982098332554153,1.4078701405151517
2025-12-23T18:02:43.973460,GAT,92,2,256,4,8,0.5,0.0005,0.0,0.49817987021683285,0.22181746231802746,1.000949632930348,1.99920863922471,1.4139337464056476,0.497881665449233,0.22173064411190632,1.0012661309958608,1.9995617238860481,1.414058599876981,0.49792539203272623,0.22179126752741915,1.0008765949157494,1.998480568812701,1.4136762602564636
2025-12-23T18:02:49.636691,GAT,93,0,256,4,8,0.5,0.0005,0.0005,0.4999513002824584,0.33331168831168834,1.0000973994350832,2.0001947988701665,1.4142824324971892,0.49997565132700267,0.33332251152522563,1.0000486973459946,2.000097394691989,1.4142479961774699,0.4999415614773259,0.33330735964467995,1.0001168770453484,2.0002337540906967,1.4142962045097542
2025-12-23T18:02:55.297682,GAT,93,1,256,4,8,0.5,0.0005,0.0005,0.4999513002824584,0.33331168831168834,1.0000973994350832,2.0001947988701665,1.4142824324971892,0.49992695398100806,0.33330086685497223,1.0001460920379839,2.0002921840759678,1.414316861271182,0.4999610409848839,0.3333160177657723,1.0000779180302322,2.0001558360604643,1.4142686576674406
2025-12-23T18:03:00.957819,GAT,93,2,256,4,8,0.5,0.0005,0.0005,0.5000426117340541,0.3333522713438142,0.9999147765318919,1.9998295530637837,1.4141532989968888,0.5000730460189919,0.3333657966497857,0.9998539079620161,1.9997078159240322,1.4141102559291592,0.5000486997175416,0.33335497694954874,0.9999026005649168,1.9998052011298335,1.4141446888949636
2025-12-23T18:03:06.617814,GAT,94,0,256,4,8,0.5,0.001,0.0,0.4871067497808513,0.22137932560893284,0.9926219927924418,1.952079477939028,1.3971683785210098,0.48814219625030436,0.22217050655496082,0.9884587289992696,1.9416605794984174,1.3934348135088406,0.48716300451924577,0.22151363368629898,0.9917796478105033,1.9496649524700016,1.3963040329634522
2025-12-23T18:03:17.620282,GAT,94,1,256,4,8,0.5,0.001,0.0,0.49901383071978184,0.2245870107116609,0.9974189149702932,1.9902844063504432,1.410774399523341,0.4991477964450937,0.22455233288592383,0.9972729486242999,1.9901144387630874,1.4107141591275985,0.49945457378837466,0.225367174431964,0.9962209755337386,1.9875720741779648,1.4098127798321183
2025-12-23T18:03:29.811186,GAT,94,2,256,4,8,0.5,0.001,0.0,0.5283855022705967,0.30537313395496174,0.9406966409778784,1.8788609274748287,1.370715480132485,0.5244704163623083,0.3033348390296871,0.9471146822498174,1.8902848794740688,1.374876314245783,0.5251972338560437,0.30358920088846636,0.9461965520599981,1.8889841238920815,1.374403188257391
2025-12-23T18:03:42.009126,GAT,95,0,256,4,8,0.5,0.001,0.0005,0.49700496737118927,0.22157630628356795,1.001400116879322,1.9982102853803447,1.4135806610803447,0.49700511322132945,0.221628664495114,1.0010226442658876,1.9970781592403215,1.4131801580974457,0.49696119682094436,0.2215852832351868,1.0013051270063893,1.9978377746610565,1.4134488935441056
2025-12-23T18:03:47.667278,GAT,95,1,256,4,8,0.5,0.001,0.0005,0.5000486997175416,0.33335497694954874,0.9999026005649168,1.9998052011298335,1.4141446888949636,0.5000730460189919,0.3333657966497857,0.9998539079620161,1.9997078159240322,1.4141102559291592,0.5000389590151161,0.3333506480014544,0.9999220819697678,1.9998441639395357,1.4141584649322492
2025-12-23T18:03:53.921397,GAT,95,2,256,4,8,0.5,0.001,0.0005,0.49995738826594593,0.33331439424684667,1.0000852234681081,2.0001704469362163,1.4142738231814291,0.49992695398100806,0.33330086685497223,1.0001460920379839,2.0002921840759678,1.414316861271182,0.4999513002824584,0.33331168831168834,1.0000973994350832,2.0001947988701665,1.4142824324971892
